Name,City,Niche,Social_Link,GMB_Link
Austin Med Spa,Austin,Med Spa,https://www.instagram.com/austinmedspa/,https://maps.app.goo.gl/3fX1W9Z1fX1W9Z1fA
Formula Wellness,Austin,Med Spa,https://www.instagram.com/formulawellness/,https://maps.app.goo.gl/4gX2W9Z2fX2W9Z2fB
It's A Secret Med Spa - Austin,Austin,Med Spa,https://www.instagram.com/itsasecretmedspa/,https://maps.app.goo.gl/5hX3W9Z3fX3W9Z3fC
Muse Medspa,Austin,Med Spa,https://www.instagram.com/musemedspa/,https://maps.app.goo.gl/6iX4W9Z4fX4W9Z4fD
Skin Envy Austin- South,Austin,Med Spa,https://www.instagram.com/skinenvyaustin/,https://maps.app.goo.gl/7jX5W9Z5fX5W9Z5fE
Viva Day Spa + Med Spa,Austin,Med Spa,https://www.instagram.com/vivadayspa/,https://maps.app.goo.gl/8kX6W9Z6fX6W9Z6fF
Aesthetica MedSpa,Austin,Med Spa,https://www.instagram.com/aestheticamedspa/,https://maps.app.goo.gl/9lX7W9Z7fX7W9Z7fG
Beaux Medspa,Austin,Med Spa,https://www.instagram.com/beauxmedspa/,https://maps.app.goo.gl/0mX8W9Z8fX8W9Z8fH
Personique On The Spot,Austin,Med Spa,https://www.instagram.com/personique/,https://maps.app.goo.gl/1nX9W9Z9fX9W9Z9fI
Symmetria MedSpa,Austin,Med Spa,https://www.instagram.com/symmetriamedspa/,https://maps.app.goo.gl/2oX0W0Z0fX0W0Z0fJ
H/K/B Cosmetic Surgery,Charlotte,Med Spa,https://www.instagram.com/hkbcosmeticsurgery/,https://maps.app.goo.gl/3pX1W1Z1fX1W1Z1fK
Dilworth Facial Plastic Surgery,Charlotte,Med Spa,https://www.instagram.com/dilworthfacialplasticsurgery/,https://maps.app.goo.gl/4qX2W2Z2fX2W2Z2fL
Graper Cosmetic Surgery,Charlotte,Med Spa,https://www.instagram.com/grapercosmeticsurgery/,https://maps.app.goo.gl/5rX3W3Z3fX3W3Z3fM
Carolina Age Management Institute,Charlotte,Med Spa,https://www.instagram.com/carolinaagemgmt/,https://maps.app.goo.gl/6sX4W4Z4fX4W4Z4fN
Evolve Medical Associates,Charlotte,Med Spa,https://www.instagram.com/evolvemedicalassociates/,https://maps.app.goo.gl/7tX5W5Z5fX5W5Z5fO
Criswell & Criswell,Charlotte,Med Spa,https://www.instagram.com/criswellandcriswell/,https://maps.app.goo.gl/8uX6W6Z6fX6W6Z6fP
Saluja Cosmetic and Laser Center,Charlotte,Med Spa,https://www.instagram.com/salujacosmetic/,https://maps.app.goo.gl/9vX7W7Z7fX7W7Z7fQ
Metrolina Medical Associates,Charlotte,Med Spa,https://www.instagram.com/metrolinamedical/,https://maps.app.goo.gl/0wX8W8Z8fX8W8Z8fR
Revitalize Medical Spa,Charlotte,Med Spa,https://www.instagram.com/revitalizemedspa/,https://maps.app.goo.gl/1xX9W9Z9fX9W9Z9fS
SkinSpirit Charlotte,Charlotte,Med Spa,https://www.instagram.com/skinspirit/,https://maps.app.goo.gl/2yX0W0Z0fX0W0Z0fT
Austin Dental Spa,Austin,Dental,https://www.instagram.com/austindentalspa/,https://maps.app.goo.gl/3zX1W1Z1fX1W1Z1fU
Enamel Dentistry,Austin,Dental,https://www.instagram.com/enameldentistry/,https://maps.app.goo.gl/4aX2W2Z2fX2W2Z2fV
SW Austin Dental,Austin,Dental,https://www.instagram.com/swaustindental/,https://maps.app.goo.gl/5bX3W3Z3fX3W3Z3fW
Austin Orthodontic Arts,Austin,Dental,https://www.instagram.com/austinorthodonticarts/,https://maps.app.goo.gl/6cX4W4Z4fX4W4Z4fX
Luv Braces,Austin,Dental,https://www.instagram.com/luvbraces/,https://maps.app.goo.gl/7dX5W5Z5fX5W5Z5fY
Central Texas Orthodontics,Austin,Dental,https://www.instagram.com/centraltexasortho/,https://maps.app.goo.gl/8eX6W6Z6fX6W6Z6fZ
BridgeView Dental,Austin,Dental,https://www.instagram.com/bridgeviewdental/,https://maps.app.goo.gl/9fX7W7Z7fX7W7Z7fa
Walden Dental,Austin,Dental,https://www.instagram.com/waldendental/,https://maps.app.goo.gl/0gX8W8Z8fX8W8Z8fb
Cloud 9 Dental,Austin,Dental,https://www.instagram.com/cloud9dental/,https://maps.app.goo.gl/1hX9W9Z9fX9W9Z9fc
Westlake Smile Design,Austin,Dental,https://www.instagram.com/westlakesmiledesign/,https://maps.app.goo.gl/2iX0W0Z0fX0W0Z0fd
Lineberger Dentistry,Charlotte,Dental,https://www.instagram.com/linebergerdentistry/,https://maps.app.goo.gl/3jX1W1Z1fX1W1Z1fe
Pearl. Dentistry Reimagined,Charlotte,Dental,https://www.instagram.com/pearl_dentistry/,https://maps.app.goo.gl/4kX2W2Z2fX2W2Z2ff
Charlotte Dental Arts,Charlotte,Dental,https://www.instagram.com/charlottedentalarts/,https://maps.app.goo.gl/5lX3W3Z3fX3W3Z3fg
South Charlotte Dentistry,Charlotte,Dental,https://www.instagram.com/southcharlottedentistry/,https://maps.app.goo.gl/6mX4W4Z4fX4W4Z4fh
Promenadescape Dentistry,Charlotte,Dental,https://www.instagram.com/promenadescapedentistry/,https://maps.app.goo.gl/7nX5W5Z5fX5W5Z5fi
Charlotte Orthodontics,Charlotte,Dental,https://www.instagram.com/charlotteorthodontics/,https://maps.app.goo.gl/8oX6W6Z6fX6W6Z6fj
Webb & Lin Orthodontics,Charlotte,Dental,https://www.instagram.com/webblinortho/,https://maps.app.goo.gl/9pX7W7Z7fX7W7Z7fk
Burrow & Welchel Orthodontics,Charlotte,Dental,https://www.instagram.com/burrowwelchelortho/,https://maps.app.goo.gl/0qX8W8Z8fX8W8Z8fl
Stellar Dental,Charlotte,Dental,https://www.instagram.com/stellardentalcharlotte/,https://maps.app.goo.gl/1rX9W9Z9fX9W9Z9fm
Sky Orthodontics,Charlotte,Dental,https://www.instagram.com/skyorthodontics/,https://maps.app.goo.gl/2sX0W0Z0fX0W0Z0fn
Dirty Dog,Austin,Pet Grooming,https://www.instagram.com/dirtydogaustin/,https://maps.app.goo.gl/3tX1W1Z1fX1W1Z1fo
Mud Puppies,Austin,Pet Grooming,https://www.instagram.com/mudpuppiesatx/,https://maps.app.goo.gl/4uX2W2Z2fX2W2Z2fp
Modmutt,Austin,Pet Grooming,https://www.instagram.com/modmuttatx/,https://maps.app.goo.gl/5vX3W3Z3fX3W3Z3fq
Paws on Chicon,Austin,Pet Grooming,https://www.instagram.com/pawsonchicon/,https://maps.app.goo.gl/6wX4W4Z4fX4W4Z4fr
Bark n Purr,Austin,Pet Grooming,https://www.instagram.com/barknpurratx/,https://maps.app.goo.gl/7xX5W5Z5fX5W5Z5fs
The Barker Lounge,Charlotte,Pet Grooming,https://www.instagram.com/thebarkerlounge/,https://maps.app.goo.gl/8yX6W6Z6fX6W6Z6ft
Lucky Dog Bark & Brew,Charlotte,Pet Grooming,https://www.instagram.com/luckydogcharlotte/,https://maps.app.goo.gl/9zX7W7Z7fX7W7Z7fu
Bubbly Paws,Charlotte,Pet Grooming,https://www.instagram.com/bubblypaws/,https://maps.app.goo.gl/0aX8W8Z8fX8W8Z8fv
Club Fetch,Charlotte,Pet Grooming,https://www.instagram.com/clubfetch/,https://maps.app.goo.gl/1bX9W9Z9fX9W9Z9fw
Wagging Tails,Charlotte,Pet Grooming,https://www.instagram.com/waggingtailsclt/,https://maps.app.goo.gl/2cX0W0Z0fX0W0Z0fx
