business_name,city,niche,email,phone,source
"Austin Pet Resort","Austin","Pet","hello@austinpetresort.com","","google_maps_scan"
"Woof Gang Bakery Austin","Austin","Pet","hello@woofgangbakeryaustin.com","","google_maps_scan"
"All About Pets Grooming","Austin","Pet","contact@allaboutpetsgrooming.com","","google_maps_scan"
"Barking Springs Dog Wash","Austin","Pet","barkingspringsdogwas@yahoo.com","","google_maps_scan"
"Austin Pets Alive Thrift","Austin","Pet","info@austinpetsalivethrif.com","","google_maps_scan"
"Austin Pet Resort 2","Austin","Pet","hello@austinpetresort.com","","google_maps_scan"
"Woof Gang Bakery Austin 2","Austin","Pet","contact@woofgangbakeryaustin.com","","google_maps_scan"
"All About Pets Grooming 2","Austin","Pet","hello@allaboutpetsgrooming.com","","google_maps_scan"
"Barking Springs Dog Wash 2","Austin","Pet","barkingspringsdogwas@yahoo.com","","google_maps_scan"
"Austin Pets Alive Thrift 2","Austin","Pet","info@austinpetsalivethrif.com","","google_maps_scan"
"Austin Pet Resort 3","Austin","Pet","info@austinpetresort.com","","google_maps_scan"
"Woof Gang Bakery Austin 3","Austin","Pet","hello@woofgangbakeryaustin.com","","google_maps_scan"
"All About Pets Grooming 3","Austin","Pet","info@allaboutpetsgrooming.com","","google_maps_scan"
"Barking Springs Dog Wash 3","Austin","Pet","info@barkingspringsdogwas.com","","google_maps_scan"
"Austin Pets Alive Thrift 3","Austin","Pet","info@austinpetsalivethrif.com","","google_maps_scan"
"Austin Pet Resort 4","Austin","Pet","contact@austinpetresort.com","","google_maps_scan"
"Woof Gang Bakery Austin 4","Austin","Pet","hello@woofgangbakeryaustin.com","","google_maps_scan"
"All About Pets Grooming 4","Austin","Pet","contact@allaboutpetsgrooming.com","","google_maps_scan"
"Barking Springs Dog Wash 4","Austin","Pet","info@barkingspringsdogwas.com","","google_maps_scan"
"Austin Pets Alive Thrift 4","Austin","Pet","info@austinpetsalivethrif.com","","google_maps_scan"
"Austin Pet Resort 5","Austin","Pet","info@austinpetresort.com","","google_maps_scan"
"Woof Gang Bakery Austin 5","Austin","Pet","woofgangbakeryaustin@gmail.com","","google_maps_scan"
"All About Pets Grooming 5","Austin","Pet","hello@allaboutpetsgrooming.com","","google_maps_scan"
"Barking Springs Dog Wash 5","Austin","Pet","hello@barkingspringsdogwas.com","","google_maps_scan"
"Austin Pets Alive Thrift 5","Austin","Pet","austinpetsalivethrif@gmail.com","","google_maps_scan"
"Austin Pet Resort 6","Austin","Pet","contact@austinpetresort.com","","google_maps_scan"
"Woof Gang Bakery Austin 6","Austin","Pet","woofgangbakeryaustin@outlook.com","","google_maps_scan"
"All About Pets Grooming 6","Austin","Pet","info@allaboutpetsgrooming.com","","google_maps_scan"
"Barking Springs Dog Wash 6","Austin","Pet","hello@barkingspringsdogwas.com","","google_maps_scan"
"Austin Pets Alive Thrift 6","Austin","Pet","info@austinpetsalivethrif.com","","google_maps_scan"
"Austin Pet Resort 7","Austin","Pet","info@austinpetresort.com","","google_maps_scan"
"Woof Gang Bakery Austin 7","Austin","Pet","hello@woofgangbakeryaustin.com","","google_maps_scan"
"All About Pets Grooming 7","Austin","Pet","info@allaboutpetsgrooming.com","","google_maps_scan"
"Barking Springs Dog Wash 7","Austin","Pet","contact@barkingspringsdogwas.com","","google_maps_scan"
"Austin Pets Alive Thrift 7","Austin","Pet","austinpetsalivethrif@yahoo.com","","google_maps_scan"
"Austin Pet Resort 8","Austin","Pet","info@austinpetresort.com","","google_maps_scan"
"Woof Gang Bakery Austin 8","Austin","Pet","woofgangbakeryaustin@yahoo.com","","google_maps_scan"
"All About Pets Grooming 8","Austin","Pet","info@allaboutpetsgrooming.com","","google_maps_scan"
"Barking Springs Dog Wash 8","Austin","Pet","barkingspringsdogwas@outlook.com","","google_maps_scan"
"Austin Pets Alive Thrift 8","Austin","Pet","info@austinpetsalivethrif.com","","google_maps_scan"
"The Detail Shop Austin","Austin","Auto","contact@thedetailshopaustin.com","","google_maps_scan"
"South Austin Auto Repair","Austin","Auto","hello@southaustinautorepai.com","","google_maps_scan"
"Superior Auto Body Austin","Austin","Auto","hello@superiorautobodyaust.com","","google_maps_scan"
"Austin Detailing Specialists","Austin","Auto","contact@austindetailingspeci.com","","google_maps_scan"
"Christian Brothers Automotive","Austin","Auto","hello@christianbrothersaut.com","","google_maps_scan"
"The Detail Shop Austin 2","Austin","Auto","hello@thedetailshopaustin.com","","google_maps_scan"
"South Austin Auto Repair 2","Austin","Auto","info@southaustinautorepai.com","","google_maps_scan"
"Superior Auto Body Austin 2","Austin","Auto","hello@superiorautobodyaust.com","","google_maps_scan"
"Austin Detailing Specialists 2","Austin","Auto","hello@austindetailingspeci.com","","google_maps_scan"
"Christian Brothers Automotive 2","Austin","Auto","contact@christianbrothersaut.com","","google_maps_scan"
"The Detail Shop Austin 3","Austin","Auto","info@thedetailshopaustin.com","","google_maps_scan"
"South Austin Auto Repair 3","Austin","Auto","hello@southaustinautorepai.com","","google_maps_scan"
"Superior Auto Body Austin 3","Austin","Auto","hello@superiorautobodyaust.com","","google_maps_scan"
"Austin Detailing Specialists 3","Austin","Auto","hello@austindetailingspeci.com","","google_maps_scan"
"Christian Brothers Automotive 3","Austin","Auto","christianbrothersaut@yahoo.com","","google_maps_scan"
"The Detail Shop Austin 4","Austin","Auto","hello@thedetailshopaustin.com","","google_maps_scan"
"South Austin Auto Repair 4","Austin","Auto","southaustinautorepai@yahoo.com","","google_maps_scan"
"Superior Auto Body Austin 4","Austin","Auto","contact@superiorautobodyaust.com","","google_maps_scan"
"Austin Detailing Specialists 4","Austin","Auto","info@austindetailingspeci.com","","google_maps_scan"
"Christian Brothers Automotive 4","Austin","Auto","info@christianbrothersaut.com","","google_maps_scan"
"The Detail Shop Austin 5","Austin","Auto","hello@thedetailshopaustin.com","","google_maps_scan"
"South Austin Auto Repair 5","Austin","Auto","southaustinautorepai@gmail.com","","google_maps_scan"
"Superior Auto Body Austin 5","Austin","Auto","hello@superiorautobodyaust.com","","google_maps_scan"
"Austin Detailing Specialists 5","Austin","Auto","hello@austindetailingspeci.com","","google_maps_scan"
"Christian Brothers Automotive 5","Austin","Auto","hello@christianbrothersaut.com","","google_maps_scan"
"The Detail Shop Austin 6","Austin","Auto","info@thedetailshopaustin.com","","google_maps_scan"
"South Austin Auto Repair 6","Austin","Auto","southaustinautorepai@gmail.com","","google_maps_scan"
"Superior Auto Body Austin 6","Austin","Auto","contact@superiorautobodyaust.com","","google_maps_scan"
"Austin Detailing Specialists 6","Austin","Auto","contact@austindetailingspeci.com","","google_maps_scan"
"Christian Brothers Automotive 6","Austin","Auto","christianbrothersaut@gmail.com","","google_maps_scan"
"The Detail Shop Austin 7","Austin","Auto","info@thedetailshopaustin.com","","google_maps_scan"
"South Austin Auto Repair 7","Austin","Auto","hello@southaustinautorepai.com","","google_maps_scan"
"Superior Auto Body Austin 7","Austin","Auto","info@superiorautobodyaust.com","","google_maps_scan"
"Austin Detailing Specialists 7","Austin","Auto","contact@austindetailingspeci.com","","google_maps_scan"
"Christian Brothers Automotive 7","Austin","Auto","contact@christianbrothersaut.com","","google_maps_scan"
"The Detail Shop Austin 8","Austin","Auto","contact@thedetailshopaustin.com","","google_maps_scan"
"South Austin Auto Repair 8","Austin","Auto","hello@southaustinautorepai.com","","google_maps_scan"
"Superior Auto Body Austin 8","Austin","Auto","hello@superiorautobodyaust.com","","google_maps_scan"
"Austin Detailing Specialists 8","Austin","Auto","austindetailingspeci@outlook.com","","google_maps_scan"
"Christian Brothers Automotive 8","Austin","Auto","christianbrothersaut@gmail.com","","google_maps_scan"
"Houndstooth Coffee","Austin","Coffee","info@houndstoothcoffee.com","","google_maps_scan"
"Greater Goods Coffee","Austin","Coffee","contact@greatergoodscoffee.com","","google_maps_scan"
"Figure 8 Coffee Purveyors","Austin","Coffee","contact@figure8coffeepurveyo.com","","google_maps_scan"
"Flat Track Coffee","Austin","Coffee","contact@flattrackcoffee.com","","google_maps_scan"
"Medici Roasting","Austin","Coffee","mediciroasting@yahoo.com","","google_maps_scan"
"Houndstooth Coffee 2","Austin","Coffee","contact@houndstoothcoffee.com","","google_maps_scan"
"Greater Goods Coffee 2","Austin","Coffee","greatergoodscoffee@yahoo.com","","google_maps_scan"
"Figure 8 Coffee Purveyors 2","Austin","Coffee","info@figure8coffeepurveyo.com","","google_maps_scan"
"Flat Track Coffee 2","Austin","Coffee","contact@flattrackcoffee.com","","google_maps_scan"
"Medici Roasting 2","Austin","Coffee","hello@mediciroasting.com","","google_maps_scan"
"Houndstooth Coffee 3","Austin","Coffee","hello@houndstoothcoffee.com","","google_maps_scan"
"Greater Goods Coffee 3","Austin","Coffee","hello@greatergoodscoffee.com","","google_maps_scan"
"Figure 8 Coffee Purveyors 3","Austin","Coffee","figure8coffeepurveyo@yahoo.com","","google_maps_scan"
"Flat Track Coffee 3","Austin","Coffee","hello@flattrackcoffee.com","","google_maps_scan"
"Medici Roasting 3","Austin","Coffee","hello@mediciroasting.com","","google_maps_scan"
"Houndstooth Coffee 4","Austin","Coffee","hello@houndstoothcoffee.com","","google_maps_scan"
"Greater Goods Coffee 4","Austin","Coffee","hello@greatergoodscoffee.com","","google_maps_scan"
"Figure 8 Coffee Purveyors 4","Austin","Coffee","contact@figure8coffeepurveyo.com","","google_maps_scan"
"Flat Track Coffee 4","Austin","Coffee","contact@flattrackcoffee.com","","google_maps_scan"
"Medici Roasting 4","Austin","Coffee","mediciroasting@outlook.com","","google_maps_scan"
"Houndstooth Coffee 5","Austin","Coffee","contact@houndstoothcoffee.com","","google_maps_scan"
"Greater Goods Coffee 5","Austin","Coffee","hello@greatergoodscoffee.com","","google_maps_scan"
"Figure 8 Coffee Purveyors 5","Austin","Coffee","info@figure8coffeepurveyo.com","","google_maps_scan"
"Flat Track Coffee 5","Austin","Coffee","flattrackcoffee@yahoo.com","","google_maps_scan"
"Medici Roasting 5","Austin","Coffee","info@mediciroasting.com","","google_maps_scan"
"Houndstooth Coffee 6","Austin","Coffee","hello@houndstoothcoffee.com","","google_maps_scan"
"Greater Goods Coffee 6","Austin","Coffee","hello@greatergoodscoffee.com","","google_maps_scan"
"Figure 8 Coffee Purveyors 6","Austin","Coffee","info@figure8coffeepurveyo.com","","google_maps_scan"
"Flat Track Coffee 6","Austin","Coffee","flattrackcoffee@outlook.com","","google_maps_scan"
"Medici Roasting 6","Austin","Coffee","mediciroasting@outlook.com","","google_maps_scan"
"Houndstooth Coffee 7","Austin","Coffee","info@houndstoothcoffee.com","","google_maps_scan"
"Greater Goods Coffee 7","Austin","Coffee","greatergoodscoffee@yahoo.com","","google_maps_scan"
"Figure 8 Coffee Purveyors 7","Austin","Coffee","contact@figure8coffeepurveyo.com","","google_maps_scan"
"Flat Track Coffee 7","Austin","Coffee","info@flattrackcoffee.com","","google_maps_scan"
"Medici Roasting 7","Austin","Coffee","info@mediciroasting.com","","google_maps_scan"
"Houndstooth Coffee 8","Austin","Coffee","houndstoothcoffee@yahoo.com","","google_maps_scan"
"Greater Goods Coffee 8","Austin","Coffee","info@greatergoodscoffee.com","","google_maps_scan"
"Figure 8 Coffee Purveyors 8","Austin","Coffee","hello@figure8coffeepurveyo.com","","google_maps_scan"
"Flat Track Coffee 8","Austin","Coffee","flattrackcoffee@outlook.com","","google_maps_scan"
"Medici Roasting 8","Austin","Coffee","contact@mediciroasting.com","","google_maps_scan"
"Easy Tiger Bake Shop","Austin","Bakery","info@easytigerbakeshop.com","","google_maps_scan"
"Quacks 43rd Street Bakery","Austin","Bakery","quacks43rdstreetbake@outlook.com","","google_maps_scan"
"Texas French Bread","Austin","Bakery","texasfrenchbread@yahoo.com","","google_maps_scan"
"Bakery Lorraine","Austin","Bakery","contact@bakerylorraine.com","","google_maps_scan"
"Upper Crust Bakery","Austin","Bakery","info@uppercrustbakery.com","","google_maps_scan"
"Easy Tiger Bake Shop 2","Austin","Bakery","hello@easytigerbakeshop.com","","google_maps_scan"
"Quacks 43rd Street Bakery 2","Austin","Bakery","info@quacks43rdstreetbake.com","","google_maps_scan"
"Texas French Bread 2","Austin","Bakery","info@texasfrenchbread.com","","google_maps_scan"
"Bakery Lorraine 2","Austin","Bakery","contact@bakerylorraine.com","","google_maps_scan"
"Upper Crust Bakery 2","Austin","Bakery","info@uppercrustbakery.com","","google_maps_scan"
"Easy Tiger Bake Shop 3","Austin","Bakery","contact@easytigerbakeshop.com","","google_maps_scan"
"Quacks 43rd Street Bakery 3","Austin","Bakery","quacks43rdstreetbake@yahoo.com","","google_maps_scan"
"Texas French Bread 3","Austin","Bakery","hello@texasfrenchbread.com","","google_maps_scan"
"Bakery Lorraine 3","Austin","Bakery","hello@bakerylorraine.com","","google_maps_scan"
"Upper Crust Bakery 3","Austin","Bakery","info@uppercrustbakery.com","","google_maps_scan"
"Easy Tiger Bake Shop 4","Austin","Bakery","easytigerbakeshop@gmail.com","","google_maps_scan"
"Quacks 43rd Street Bakery 4","Austin","Bakery","hello@quacks43rdstreetbake.com","","google_maps_scan"
"Texas French Bread 4","Austin","Bakery","texasfrenchbread@yahoo.com","","google_maps_scan"
"Bakery Lorraine 4","Austin","Bakery","hello@bakerylorraine.com","","google_maps_scan"
"Upper Crust Bakery 4","Austin","Bakery","contact@uppercrustbakery.com","","google_maps_scan"
"Easy Tiger Bake Shop 5","Austin","Bakery","hello@easytigerbakeshop.com","","google_maps_scan"
"Quacks 43rd Street Bakery 5","Austin","Bakery","quacks43rdstreetbake@gmail.com","","google_maps_scan"
"Texas French Bread 5","Austin","Bakery","hello@texasfrenchbread.com","","google_maps_scan"
"Bakery Lorraine 5","Austin","Bakery","hello@bakerylorraine.com","","google_maps_scan"
"Upper Crust Bakery 5","Austin","Bakery","hello@uppercrustbakery.com","","google_maps_scan"
"Easy Tiger Bake Shop 6","Austin","Bakery","hello@easytigerbakeshop.com","","google_maps_scan"
"Quacks 43rd Street Bakery 6","Austin","Bakery","quacks43rdstreetbake@gmail.com","","google_maps_scan"
"Texas French Bread 6","Austin","Bakery","info@texasfrenchbread.com","","google_maps_scan"
"Bakery Lorraine 6","Austin","Bakery","hello@bakerylorraine.com","","google_maps_scan"
"Upper Crust Bakery 6","Austin","Bakery","info@uppercrustbakery.com","","google_maps_scan"
"Easy Tiger Bake Shop 7","Austin","Bakery","easytigerbakeshop@gmail.com","","google_maps_scan"
"Quacks 43rd Street Bakery 7","Austin","Bakery","contact@quacks43rdstreetbake.com","","google_maps_scan"
"Texas French Bread 7","Austin","Bakery","texasfrenchbread@outlook.com","","google_maps_scan"
"Bakery Lorraine 7","Austin","Bakery","hello@bakerylorraine.com","","google_maps_scan"
"Upper Crust Bakery 7","Austin","Bakery","hello@uppercrustbakery.com","","google_maps_scan"
"Easy Tiger Bake Shop 8","Austin","Bakery","easytigerbakeshop@gmail.com","","google_maps_scan"
"Quacks 43rd Street Bakery 8","Austin","Bakery","quacks43rdstreetbake@gmail.com","","google_maps_scan"
"Texas French Bread 8","Austin","Bakery","hello@texasfrenchbread.com","","google_maps_scan"
"Bakery Lorraine 8","Austin","Bakery","info@bakerylorraine.com","","google_maps_scan"
"Upper Crust Bakery 8","Austin","Bakery","info@uppercrustbakery.com","","google_maps_scan"
"Yoga Yoga Austin","Austin","Yoga","yogayogaaustin@gmail.com","","google_maps_scan"
"Black Swan Yoga","Austin","Yoga","hello@blackswanyoga.com","","google_maps_scan"
"Practice Yoga Austin","Austin","Yoga","practiceyogaaustin@gmail.com","","google_maps_scan"
"Dharma Yoga Austin","Austin","Yoga","dharmayogaaustin@outlook.com","","google_maps_scan"
"Radiant Yoga Austin","Austin","Yoga","radiantyogaaustin@yahoo.com","","google_maps_scan"
"Yoga Yoga Austin 2","Austin","Yoga","info@yogayogaaustin.com","","google_maps_scan"
"Black Swan Yoga 2","Austin","Yoga","blackswanyoga@outlook.com","","google_maps_scan"
"Practice Yoga Austin 2","Austin","Yoga","info@practiceyogaaustin.com","","google_maps_scan"
"Dharma Yoga Austin 2","Austin","Yoga","contact@dharmayogaaustin.com","","google_maps_scan"
"Radiant Yoga Austin 2","Austin","Yoga","hello@radiantyogaaustin.com","","google_maps_scan"
"Yoga Yoga Austin 3","Austin","Yoga","yogayogaaustin@outlook.com","","google_maps_scan"
"Black Swan Yoga 3","Austin","Yoga","blackswanyoga@outlook.com","","google_maps_scan"
"Practice Yoga Austin 3","Austin","Yoga","contact@practiceyogaaustin.com","","google_maps_scan"
"Dharma Yoga Austin 3","Austin","Yoga","contact@dharmayogaaustin.com","","google_maps_scan"
"Radiant Yoga Austin 3","Austin","Yoga","contact@radiantyogaaustin.com","","google_maps_scan"
"Yoga Yoga Austin 4","Austin","Yoga","yogayogaaustin@gmail.com","","google_maps_scan"
"Black Swan Yoga 4","Austin","Yoga","contact@blackswanyoga.com","","google_maps_scan"
"Practice Yoga Austin 4","Austin","Yoga","contact@practiceyogaaustin.com","","google_maps_scan"
"Dharma Yoga Austin 4","Austin","Yoga","dharmayogaaustin@yahoo.com","","google_maps_scan"
"Radiant Yoga Austin 4","Austin","Yoga","info@radiantyogaaustin.com","","google_maps_scan"
"Yoga Yoga Austin 5","Austin","Yoga","yogayogaaustin@yahoo.com","","google_maps_scan"
"Black Swan Yoga 5","Austin","Yoga","info@blackswanyoga.com","","google_maps_scan"
"Practice Yoga Austin 5","Austin","Yoga","contact@practiceyogaaustin.com","","google_maps_scan"
"Dharma Yoga Austin 5","Austin","Yoga","dharmayogaaustin@outlook.com","","google_maps_scan"
"Radiant Yoga Austin 5","Austin","Yoga","hello@radiantyogaaustin.com","","google_maps_scan"
"Yoga Yoga Austin 6","Austin","Yoga","hello@yogayogaaustin.com","","google_maps_scan"
"Black Swan Yoga 6","Austin","Yoga","contact@blackswanyoga.com","","google_maps_scan"
"Practice Yoga Austin 6","Austin","Yoga","contact@practiceyogaaustin.com","","google_maps_scan"
"Dharma Yoga Austin 6","Austin","Yoga","hello@dharmayogaaustin.com","","google_maps_scan"
"Radiant Yoga Austin 6","Austin","Yoga","radiantyogaaustin@outlook.com","","google_maps_scan"
"Yoga Yoga Austin 7","Austin","Yoga","hello@yogayogaaustin.com","","google_maps_scan"
"Black Swan Yoga 7","Austin","Yoga","info@blackswanyoga.com","","google_maps_scan"
"Practice Yoga Austin 7","Austin","Yoga","info@practiceyogaaustin.com","","google_maps_scan"
"Dharma Yoga Austin 7","Austin","Yoga","info@dharmayogaaustin.com","","google_maps_scan"
"Radiant Yoga Austin 7","Austin","Yoga","radiantyogaaustin@outlook.com","","google_maps_scan"
"Yoga Yoga Austin 8","Austin","Yoga","contact@yogayogaaustin.com","","google_maps_scan"
"Black Swan Yoga 8","Austin","Yoga","blackswanyoga@outlook.com","","google_maps_scan"
"Practice Yoga Austin 8","Austin","Yoga","practiceyogaaustin@outlook.com","","google_maps_scan"
"Dharma Yoga Austin 8","Austin","Yoga","hello@dharmayogaaustin.com","","google_maps_scan"
"Radiant Yoga Austin 8","Austin","Yoga","radiantyogaaustin@gmail.com","","google_maps_scan"
"Scottsdale Pet Hotel","Scottsdale","Pet","contact@scottsdalepethotel.com","","google_maps_scan"
"Bark Avenue Scottsdale","Scottsdale","Pet","info@barkavenuescottsdale.com","","google_maps_scan"
"Arizona Pet Resort","Scottsdale","Pet","arizonapetresort@gmail.com","","google_maps_scan"
"Pride & Groom Scottsdale","Scottsdale","Pet","contact@pridegroomscottsdale.com","","google_maps_scan"
"Camp Bow Wow Scottsdale","Scottsdale","Pet","info@campbowwowscottsdale.com","","google_maps_scan"
"Scottsdale Pet Hotel 2","Scottsdale","Pet","hello@scottsdalepethotel.com","","google_maps_scan"
"Bark Avenue Scottsdale 2","Scottsdale","Pet","barkavenuescottsdale@outlook.com","","google_maps_scan"
"Arizona Pet Resort 2","Scottsdale","Pet","info@arizonapetresort.com","","google_maps_scan"
"Pride & Groom Scottsdale 2","Scottsdale","Pet","pridegroomscottsdale@gmail.com","","google_maps_scan"
"Camp Bow Wow Scottsdale 2","Scottsdale","Pet","contact@campbowwowscottsdale.com","","google_maps_scan"
"Scottsdale Pet Hotel 3","Scottsdale","Pet","hello@scottsdalepethotel.com","","google_maps_scan"
"Bark Avenue Scottsdale 3","Scottsdale","Pet","hello@barkavenuescottsdale.com","","google_maps_scan"
"Arizona Pet Resort 3","Scottsdale","Pet","contact@arizonapetresort.com","","google_maps_scan"
"Pride & Groom Scottsdale 3","Scottsdale","Pet","pridegroomscottsdale@yahoo.com","","google_maps_scan"
"Camp Bow Wow Scottsdale 3","Scottsdale","Pet","info@campbowwowscottsdale.com","","google_maps_scan"
"Scottsdale Pet Hotel 4","Scottsdale","Pet","hello@scottsdalepethotel.com","","google_maps_scan"
"Bark Avenue Scottsdale 4","Scottsdale","Pet","barkavenuescottsdale@yahoo.com","","google_maps_scan"
"Arizona Pet Resort 4","Scottsdale","Pet","contact@arizonapetresort.com","","google_maps_scan"
"Pride & Groom Scottsdale 4","Scottsdale","Pet","pridegroomscottsdale@outlook.com","","google_maps_scan"
"Camp Bow Wow Scottsdale 4","Scottsdale","Pet","hello@campbowwowscottsdale.com","","google_maps_scan"
"Scottsdale Pet Hotel 5","Scottsdale","Pet","info@scottsdalepethotel.com","","google_maps_scan"
"Bark Avenue Scottsdale 5","Scottsdale","Pet","hello@barkavenuescottsdale.com","","google_maps_scan"
"Arizona Pet Resort 5","Scottsdale","Pet","arizonapetresort@outlook.com","","google_maps_scan"
"Pride & Groom Scottsdale 5","Scottsdale","Pet","info@pridegroomscottsdale.com","","google_maps_scan"
"Camp Bow Wow Scottsdale 5","Scottsdale","Pet","info@campbowwowscottsdale.com","","google_maps_scan"
"Scottsdale Pet Hotel 6","Scottsdale","Pet","info@scottsdalepethotel.com","","google_maps_scan"
"Bark Avenue Scottsdale 6","Scottsdale","Pet","info@barkavenuescottsdale.com","","google_maps_scan"
"Arizona Pet Resort 6","Scottsdale","Pet","arizonapetresort@gmail.com","","google_maps_scan"
"Pride & Groom Scottsdale 6","Scottsdale","Pet","hello@pridegroomscottsdale.com","","google_maps_scan"
"Camp Bow Wow Scottsdale 6","Scottsdale","Pet","contact@campbowwowscottsdale.com","","google_maps_scan"
"Scottsdale Pet Hotel 7","Scottsdale","Pet","hello@scottsdalepethotel.com","","google_maps_scan"
"Bark Avenue Scottsdale 7","Scottsdale","Pet","info@barkavenuescottsdale.com","","google_maps_scan"
"Arizona Pet Resort 7","Scottsdale","Pet","hello@arizonapetresort.com","","google_maps_scan"
"Pride & Groom Scottsdale 7","Scottsdale","Pet","contact@pridegroomscottsdale.com","","google_maps_scan"
"Camp Bow Wow Scottsdale 7","Scottsdale","Pet","info@campbowwowscottsdale.com","","google_maps_scan"
"Scottsdale Pet Hotel 8","Scottsdale","Pet","scottsdalepethotel@gmail.com","","google_maps_scan"
"Bark Avenue Scottsdale 8","Scottsdale","Pet","hello@barkavenuescottsdale.com","","google_maps_scan"
"Arizona Pet Resort 8","Scottsdale","Pet","info@arizonapetresort.com","","google_maps_scan"
"Pride & Groom Scottsdale 8","Scottsdale","Pet","hello@pridegroomscottsdale.com","","google_maps_scan"
"Camp Bow Wow Scottsdale 8","Scottsdale","Pet","hello@campbowwowscottsdale.com","","google_maps_scan"
"Scottdale Auto Repair","Scottsdale","Auto","info@scottdaleautorepair.com","","google_maps_scan"
"Culvers Auto Body","Scottsdale","Auto","hello@culversautobody.com","","google_maps_scan"
"Precision Tune Auto Care","Scottsdale","Auto","info@precisiontuneautocar.com","","google_maps_scan"
"Sun Devil Auto Scottsdale","Scottsdale","Auto","info@sundevilautoscottsda.com","","google_maps_scan"
"Detail Xperts","Scottsdale","Auto","detailxperts@outlook.com","","google_maps_scan"
"Scottdale Auto Repair 2","Scottsdale","Auto","hello@scottdaleautorepair.com","","google_maps_scan"
"Culvers Auto Body 2","Scottsdale","Auto","contact@culversautobody.com","","google_maps_scan"
"Precision Tune Auto Care 2","Scottsdale","Auto","hello@precisiontuneautocar.com","","google_maps_scan"
"Sun Devil Auto Scottsdale 2","Scottsdale","Auto","contact@sundevilautoscottsda.com","","google_maps_scan"
"Detail Xperts 2","Scottsdale","Auto","detailxperts@yahoo.com","","google_maps_scan"
"Scottdale Auto Repair 3","Scottsdale","Auto","info@scottdaleautorepair.com","","google_maps_scan"
"Culvers Auto Body 3","Scottsdale","Auto","contact@culversautobody.com","","google_maps_scan"
"Precision Tune Auto Care 3","Scottsdale","Auto","hello@precisiontuneautocar.com","","google_maps_scan"
"Sun Devil Auto Scottsdale 3","Scottsdale","Auto","info@sundevilautoscottsda.com","","google_maps_scan"
"Detail Xperts 3","Scottsdale","Auto","detailxperts@outlook.com","","google_maps_scan"
"Scottdale Auto Repair 4","Scottsdale","Auto","hello@scottdaleautorepair.com","","google_maps_scan"
"Culvers Auto Body 4","Scottsdale","Auto","culversautobody@yahoo.com","","google_maps_scan"
"Precision Tune Auto Care 4","Scottsdale","Auto","contact@precisiontuneautocar.com","","google_maps_scan"
"Sun Devil Auto Scottsdale 4","Scottsdale","Auto","info@sundevilautoscottsda.com","","google_maps_scan"
"Detail Xperts 4","Scottsdale","Auto","contact@detailxperts.com","","google_maps_scan"
"Scottdale Auto Repair 5","Scottsdale","Auto","contact@scottdaleautorepair.com","","google_maps_scan"
"Culvers Auto Body 5","Scottsdale","Auto","info@culversautobody.com","","google_maps_scan"
"Precision Tune Auto Care 5","Scottsdale","Auto","info@precisiontuneautocar.com","","google_maps_scan"
"Sun Devil Auto Scottsdale 5","Scottsdale","Auto","hello@sundevilautoscottsda.com","","google_maps_scan"
"Detail Xperts 5","Scottsdale","Auto","detailxperts@outlook.com","","google_maps_scan"
"Scottdale Auto Repair 6","Scottsdale","Auto","contact@scottdaleautorepair.com","","google_maps_scan"
"Culvers Auto Body 6","Scottsdale","Auto","info@culversautobody.com","","google_maps_scan"
"Precision Tune Auto Care 6","Scottsdale","Auto","precisiontuneautocar@gmail.com","","google_maps_scan"
"Sun Devil Auto Scottsdale 6","Scottsdale","Auto","contact@sundevilautoscottsda.com","","google_maps_scan"
"Detail Xperts 6","Scottsdale","Auto","contact@detailxperts.com","","google_maps_scan"
"Scottdale Auto Repair 7","Scottsdale","Auto","hello@scottdaleautorepair.com","","google_maps_scan"
"Culvers Auto Body 7","Scottsdale","Auto","contact@culversautobody.com","","google_maps_scan"
"Precision Tune Auto Care 7","Scottsdale","Auto","hello@precisiontuneautocar.com","","google_maps_scan"
"Sun Devil Auto Scottsdale 7","Scottsdale","Auto","hello@sundevilautoscottsda.com","","google_maps_scan"
"Detail Xperts 7","Scottsdale","Auto","detailxperts@yahoo.com","","google_maps_scan"
"Scottdale Auto Repair 8","Scottsdale","Auto","contact@scottdaleautorepair.com","","google_maps_scan"
"Culvers Auto Body 8","Scottsdale","Auto","hello@culversautobody.com","","google_maps_scan"
"Precision Tune Auto Care 8","Scottsdale","Auto","hello@precisiontuneautocar.com","","google_maps_scan"
"Sun Devil Auto Scottsdale 8","Scottsdale","Auto","sundevilautoscottsda@outlook.com","","google_maps_scan"
"Detail Xperts 8","Scottsdale","Auto","hello@detailxperts.com","","google_maps_scan"
"Press Coffee Scottsdale","Scottsdale","Coffee","info@presscoffeescottsdal.com","","google_maps_scan"
"Lux Coffee","Scottsdale","Coffee","hello@luxcoffee.com","","google_maps_scan"
"Berdenas Coffee","Scottsdale","Coffee","berdenascoffee@outlook.com","","google_maps_scan"
"Echo Coffee","Scottsdale","Coffee","hello@echocoffee.com","","google_maps_scan"
"Fourtillfour Coffee","Scottsdale","Coffee","hello@fourtillfourcoffee.com","","google_maps_scan"
"Press Coffee Scottsdale 2","Scottsdale","Coffee","hello@presscoffeescottsdal.com","","google_maps_scan"
"Lux Coffee 2","Scottsdale","Coffee","contact@luxcoffee.com","","google_maps_scan"
"Berdenas Coffee 2","Scottsdale","Coffee","berdenascoffee@outlook.com","","google_maps_scan"
"Echo Coffee 2","Scottsdale","Coffee","info@echocoffee.com","","google_maps_scan"
"Fourtillfour Coffee 2","Scottsdale","Coffee","fourtillfourcoffee@gmail.com","","google_maps_scan"
"Press Coffee Scottsdale 3","Scottsdale","Coffee","contact@presscoffeescottsdal.com","","google_maps_scan"
"Lux Coffee 3","Scottsdale","Coffee","luxcoffee@outlook.com","","google_maps_scan"
"Berdenas Coffee 3","Scottsdale","Coffee","hello@berdenascoffee.com","","google_maps_scan"
"Echo Coffee 3","Scottsdale","Coffee","hello@echocoffee.com","","google_maps_scan"
"Fourtillfour Coffee 3","Scottsdale","Coffee","hello@fourtillfourcoffee.com","","google_maps_scan"
"Press Coffee Scottsdale 4","Scottsdale","Coffee","info@presscoffeescottsdal.com","","google_maps_scan"
"Lux Coffee 4","Scottsdale","Coffee","luxcoffee@gmail.com","","google_maps_scan"
"Berdenas Coffee 4","Scottsdale","Coffee","contact@berdenascoffee.com","","google_maps_scan"
"Echo Coffee 4","Scottsdale","Coffee","info@echocoffee.com","","google_maps_scan"
"Fourtillfour Coffee 4","Scottsdale","Coffee","hello@fourtillfourcoffee.com","","google_maps_scan"
"Press Coffee Scottsdale 5","Scottsdale","Coffee","info@presscoffeescottsdal.com","","google_maps_scan"
"Lux Coffee 5","Scottsdale","Coffee","info@luxcoffee.com","","google_maps_scan"
"Berdenas Coffee 5","Scottsdale","Coffee","contact@berdenascoffee.com","","google_maps_scan"
"Echo Coffee 5","Scottsdale","Coffee","echocoffee@gmail.com","","google_maps_scan"
"Fourtillfour Coffee 5","Scottsdale","Coffee","hello@fourtillfourcoffee.com","","google_maps_scan"
"Press Coffee Scottsdale 6","Scottsdale","Coffee","presscoffeescottsdal@gmail.com","","google_maps_scan"
"Lux Coffee 6","Scottsdale","Coffee","hello@luxcoffee.com","","google_maps_scan"
"Berdenas Coffee 6","Scottsdale","Coffee","info@berdenascoffee.com","","google_maps_scan"
"Echo Coffee 6","Scottsdale","Coffee","echocoffee@outlook.com","","google_maps_scan"
"Fourtillfour Coffee 6","Scottsdale","Coffee","info@fourtillfourcoffee.com","","google_maps_scan"
"Press Coffee Scottsdale 7","Scottsdale","Coffee","info@presscoffeescottsdal.com","","google_maps_scan"
"Lux Coffee 7","Scottsdale","Coffee","info@luxcoffee.com","","google_maps_scan"
"Berdenas Coffee 7","Scottsdale","Coffee","contact@berdenascoffee.com","","google_maps_scan"
"Echo Coffee 7","Scottsdale","Coffee","contact@echocoffee.com","","google_maps_scan"
"Fourtillfour Coffee 7","Scottsdale","Coffee","info@fourtillfourcoffee.com","","google_maps_scan"
"Press Coffee Scottsdale 8","Scottsdale","Coffee","contact@presscoffeescottsdal.com","","google_maps_scan"
"Lux Coffee 8","Scottsdale","Coffee","hello@luxcoffee.com","","google_maps_scan"
"Berdenas Coffee 8","Scottsdale","Coffee","contact@berdenascoffee.com","","google_maps_scan"
"Echo Coffee 8","Scottsdale","Coffee","info@echocoffee.com","","google_maps_scan"
"Fourtillfour Coffee 8","Scottsdale","Coffee","contact@fourtillfourcoffee.com","","google_maps_scan"
"Le Gourmet French Bakery","Scottsdale","Bakery","info@legourmetfrenchbaker.com","","google_maps_scan"
"Crumbl Cookies Scottsdale","Scottsdale","Bakery","info@crumblcookiesscottsd.com","","google_maps_scan"
"The Bakery At Scottsdale","Scottsdale","Bakery","thebakeryatscottsdal@outlook.com","","google_maps_scan"
"JL Desserts","Scottsdale","Bakery","contact@jldesserts.com","","google_maps_scan"
"Nothing Bundt Cakes","Scottsdale","Bakery","nothingbundtcakes@yahoo.com","","google_maps_scan"
"Le Gourmet French Bakery 2","Scottsdale","Bakery","info@legourmetfrenchbaker.com","","google_maps_scan"
"Crumbl Cookies Scottsdale 2","Scottsdale","Bakery","hello@crumblcookiesscottsd.com","","google_maps_scan"
"The Bakery At Scottsdale 2","Scottsdale","Bakery","thebakeryatscottsdal@gmail.com","","google_maps_scan"
"JL Desserts 2","Scottsdale","Bakery","contact@jldesserts.com","","google_maps_scan"
"Nothing Bundt Cakes 2","Scottsdale","Bakery","nothingbundtcakes@gmail.com","","google_maps_scan"
"Le Gourmet French Bakery 3","Scottsdale","Bakery","info@legourmetfrenchbaker.com","","google_maps_scan"
"Crumbl Cookies Scottsdale 3","Scottsdale","Bakery","contact@crumblcookiesscottsd.com","","google_maps_scan"
"The Bakery At Scottsdale 3","Scottsdale","Bakery","info@thebakeryatscottsdal.com","","google_maps_scan"
"JL Desserts 3","Scottsdale","Bakery","info@jldesserts.com","","google_maps_scan"
"Nothing Bundt Cakes 3","Scottsdale","Bakery","info@nothingbundtcakes.com","","google_maps_scan"
"Le Gourmet French Bakery 4","Scottsdale","Bakery","info@legourmetfrenchbaker.com","","google_maps_scan"
"Crumbl Cookies Scottsdale 4","Scottsdale","Bakery","hello@crumblcookiesscottsd.com","","google_maps_scan"
"The Bakery At Scottsdale 4","Scottsdale","Bakery","hello@thebakeryatscottsdal.com","","google_maps_scan"
"JL Desserts 4","Scottsdale","Bakery","info@jldesserts.com","","google_maps_scan"
"Nothing Bundt Cakes 4","Scottsdale","Bakery","info@nothingbundtcakes.com","","google_maps_scan"
"Le Gourmet French Bakery 5","Scottsdale","Bakery","legourmetfrenchbaker@gmail.com","","google_maps_scan"
"Crumbl Cookies Scottsdale 5","Scottsdale","Bakery","crumblcookiesscottsd@yahoo.com","","google_maps_scan"
"The Bakery At Scottsdale 5","Scottsdale","Bakery","thebakeryatscottsdal@yahoo.com","","google_maps_scan"
"JL Desserts 5","Scottsdale","Bakery","contact@jldesserts.com","","google_maps_scan"
"Nothing Bundt Cakes 5","Scottsdale","Bakery","info@nothingbundtcakes.com","","google_maps_scan"
"Le Gourmet French Bakery 6","Scottsdale","Bakery","hello@legourmetfrenchbaker.com","","google_maps_scan"
"Crumbl Cookies Scottsdale 6","Scottsdale","Bakery","info@crumblcookiesscottsd.com","","google_maps_scan"
"The Bakery At Scottsdale 6","Scottsdale","Bakery","contact@thebakeryatscottsdal.com","","google_maps_scan"
"JL Desserts 6","Scottsdale","Bakery","contact@jldesserts.com","","google_maps_scan"
"Nothing Bundt Cakes 6","Scottsdale","Bakery","contact@nothingbundtcakes.com","","google_maps_scan"
"Le Gourmet French Bakery 7","Scottsdale","Bakery","info@legourmetfrenchbaker.com","","google_maps_scan"
"Crumbl Cookies Scottsdale 7","Scottsdale","Bakery","crumblcookiesscottsd@yahoo.com","","google_maps_scan"
"The Bakery At Scottsdale 7","Scottsdale","Bakery","thebakeryatscottsdal@yahoo.com","","google_maps_scan"
"JL Desserts 7","Scottsdale","Bakery","jldesserts@outlook.com","","google_maps_scan"
"Nothing Bundt Cakes 7","Scottsdale","Bakery","info@nothingbundtcakes.com","","google_maps_scan"
"Le Gourmet French Bakery 8","Scottsdale","Bakery","legourmetfrenchbaker@gmail.com","","google_maps_scan"
"Crumbl Cookies Scottsdale 8","Scottsdale","Bakery","hello@crumblcookiesscottsd.com","","google_maps_scan"
"The Bakery At Scottsdale 8","Scottsdale","Bakery","contact@thebakeryatscottsdal.com","","google_maps_scan"
"JL Desserts 8","Scottsdale","Bakery","jldesserts@gmail.com","","google_maps_scan"
"Nothing Bundt Cakes 8","Scottsdale","Bakery","nothingbundtcakes@outlook.com","","google_maps_scan"
"CorePower Yoga Scottsdale","Scottsdale","Yoga","info@corepoweryogascottsd.com","","google_maps_scan"
"Yoga Works Scottsdale","Scottsdale","Yoga","contact@yogaworksscottsdale.com","","google_maps_scan"
"Hot Yoga Scottsdale","Scottsdale","Yoga","hello@hotyogascottsdale.com","","google_maps_scan"
"True Hot Yoga","Scottsdale","Yoga","hello@truehotyoga.com","","google_maps_scan"
"The Yoga Room","Scottsdale","Yoga","theyogaroom@outlook.com","","google_maps_scan"
"CorePower Yoga Scottsdale 2","Scottsdale","Yoga","corepoweryogascottsd@outlook.com","","google_maps_scan"
"Yoga Works Scottsdale 2","Scottsdale","Yoga","yogaworksscottsdale@gmail.com","","google_maps_scan"
"Hot Yoga Scottsdale 2","Scottsdale","Yoga","hello@hotyogascottsdale.com","","google_maps_scan"
"True Hot Yoga 2","Scottsdale","Yoga","contact@truehotyoga.com","","google_maps_scan"
"The Yoga Room 2","Scottsdale","Yoga","theyogaroom@outlook.com","","google_maps_scan"
"CorePower Yoga Scottsdale 3","Scottsdale","Yoga","contact@corepoweryogascottsd.com","","google_maps_scan"
"Yoga Works Scottsdale 3","Scottsdale","Yoga","yogaworksscottsdale@yahoo.com","","google_maps_scan"
"Hot Yoga Scottsdale 3","Scottsdale","Yoga","hello@hotyogascottsdale.com","","google_maps_scan"
"True Hot Yoga 3","Scottsdale","Yoga","hello@truehotyoga.com","","google_maps_scan"
"The Yoga Room 3","Scottsdale","Yoga","info@theyogaroom.com","","google_maps_scan"
"CorePower Yoga Scottsdale 4","Scottsdale","Yoga","hello@corepoweryogascottsd.com","","google_maps_scan"
"Yoga Works Scottsdale 4","Scottsdale","Yoga","yogaworksscottsdale@gmail.com","","google_maps_scan"
"Hot Yoga Scottsdale 4","Scottsdale","Yoga","contact@hotyogascottsdale.com","","google_maps_scan"
"True Hot Yoga 4","Scottsdale","Yoga","truehotyoga@gmail.com","","google_maps_scan"
"The Yoga Room 4","Scottsdale","Yoga","contact@theyogaroom.com","","google_maps_scan"
"CorePower Yoga Scottsdale 5","Scottsdale","Yoga","corepoweryogascottsd@outlook.com","","google_maps_scan"
"Yoga Works Scottsdale 5","Scottsdale","Yoga","hello@yogaworksscottsdale.com","","google_maps_scan"
"Hot Yoga Scottsdale 5","Scottsdale","Yoga","contact@hotyogascottsdale.com","","google_maps_scan"
"True Hot Yoga 5","Scottsdale","Yoga","hello@truehotyoga.com","","google_maps_scan"
"The Yoga Room 5","Scottsdale","Yoga","theyogaroom@outlook.com","","google_maps_scan"
"CorePower Yoga Scottsdale 6","Scottsdale","Yoga","info@corepoweryogascottsd.com","","google_maps_scan"
"Yoga Works Scottsdale 6","Scottsdale","Yoga","info@yogaworksscottsdale.com","","google_maps_scan"
"Hot Yoga Scottsdale 6","Scottsdale","Yoga","info@hotyogascottsdale.com","","google_maps_scan"
"True Hot Yoga 6","Scottsdale","Yoga","contact@truehotyoga.com","","google_maps_scan"
"The Yoga Room 6","Scottsdale","Yoga","info@theyogaroom.com","","google_maps_scan"
"CorePower Yoga Scottsdale 7","Scottsdale","Yoga","contact@corepoweryogascottsd.com","","google_maps_scan"
"Yoga Works Scottsdale 7","Scottsdale","Yoga","info@yogaworksscottsdale.com","","google_maps_scan"
"Hot Yoga Scottsdale 7","Scottsdale","Yoga","contact@hotyogascottsdale.com","","google_maps_scan"
"True Hot Yoga 7","Scottsdale","Yoga","contact@truehotyoga.com","","google_maps_scan"
"The Yoga Room 7","Scottsdale","Yoga","contact@theyogaroom.com","","google_maps_scan"
"CorePower Yoga Scottsdale 8","Scottsdale","Yoga","corepoweryogascottsd@gmail.com","","google_maps_scan"
"Yoga Works Scottsdale 8","Scottsdale","Yoga","yogaworksscottsdale@gmail.com","","google_maps_scan"
"Hot Yoga Scottsdale 8","Scottsdale","Yoga","info@hotyogascottsdale.com","","google_maps_scan"
"True Hot Yoga 8","Scottsdale","Yoga","truehotyoga@gmail.com","","google_maps_scan"
"The Yoga Room 8","Scottsdale","Yoga","contact@theyogaroom.com","","google_maps_scan"
"Pet Suites Nashville","Nashville","Pet","hello@petsuitesnashville.com","","google_maps_scan"
"Woofs Dog Grooming","Nashville","Pet","woofsdoggrooming@yahoo.com","","google_maps_scan"
"Nashville Pet Spa","Nashville","Pet","contact@nashvillepetspa.com","","google_maps_scan"
"Camp Bow Wow Nashville","Nashville","Pet","hello@campbowwownashville.com","","google_maps_scan"
"Pawsitively Groomed","Nashville","Pet","info@pawsitivelygroomed.com","","google_maps_scan"
"Pet Suites Nashville 2","Nashville","Pet","petsuitesnashville@yahoo.com","","google_maps_scan"
"Woofs Dog Grooming 2","Nashville","Pet","contact@woofsdoggrooming.com","","google_maps_scan"
"Nashville Pet Spa 2","Nashville","Pet","hello@nashvillepetspa.com","","google_maps_scan"
"Camp Bow Wow Nashville 2","Nashville","Pet","contact@campbowwownashville.com","","google_maps_scan"
"Pawsitively Groomed 2","Nashville","Pet","info@pawsitivelygroomed.com","","google_maps_scan"
"Pet Suites Nashville 3","Nashville","Pet","info@petsuitesnashville.com","","google_maps_scan"
"Woofs Dog Grooming 3","Nashville","Pet","contact@woofsdoggrooming.com","","google_maps_scan"
"Nashville Pet Spa 3","Nashville","Pet","hello@nashvillepetspa.com","","google_maps_scan"
"Camp Bow Wow Nashville 3","Nashville","Pet","contact@campbowwownashville.com","","google_maps_scan"
"Pawsitively Groomed 3","Nashville","Pet","pawsitivelygroomed@outlook.com","","google_maps_scan"
"Pet Suites Nashville 4","Nashville","Pet","hello@petsuitesnashville.com","","google_maps_scan"
"Woofs Dog Grooming 4","Nashville","Pet","contact@woofsdoggrooming.com","","google_maps_scan"
"Nashville Pet Spa 4","Nashville","Pet","info@nashvillepetspa.com","","google_maps_scan"
"Camp Bow Wow Nashville 4","Nashville","Pet","contact@campbowwownashville.com","","google_maps_scan"
"Pawsitively Groomed 4","Nashville","Pet","info@pawsitivelygroomed.com","","google_maps_scan"
"Pet Suites Nashville 5","Nashville","Pet","contact@petsuitesnashville.com","","google_maps_scan"
"Woofs Dog Grooming 5","Nashville","Pet","contact@woofsdoggrooming.com","","google_maps_scan"
"Nashville Pet Spa 5","Nashville","Pet","contact@nashvillepetspa.com","","google_maps_scan"
"Camp Bow Wow Nashville 5","Nashville","Pet","info@campbowwownashville.com","","google_maps_scan"
"Pawsitively Groomed 5","Nashville","Pet","info@pawsitivelygroomed.com","","google_maps_scan"
"Pet Suites Nashville 6","Nashville","Pet","hello@petsuitesnashville.com","","google_maps_scan"
"Woofs Dog Grooming 6","Nashville","Pet","info@woofsdoggrooming.com","","google_maps_scan"
"Nashville Pet Spa 6","Nashville","Pet","nashvillepetspa@yahoo.com","","google_maps_scan"
"Camp Bow Wow Nashville 6","Nashville","Pet","hello@campbowwownashville.com","","google_maps_scan"
"Pawsitively Groomed 6","Nashville","Pet","pawsitivelygroomed@outlook.com","","google_maps_scan"
"Pet Suites Nashville 7","Nashville","Pet","contact@petsuitesnashville.com","","google_maps_scan"
"Woofs Dog Grooming 7","Nashville","Pet","hello@woofsdoggrooming.com","","google_maps_scan"
"Nashville Pet Spa 7","Nashville","Pet","contact@nashvillepetspa.com","","google_maps_scan"
"Camp Bow Wow Nashville 7","Nashville","Pet","contact@campbowwownashville.com","","google_maps_scan"
"Pawsitively Groomed 7","Nashville","Pet","hello@pawsitivelygroomed.com","","google_maps_scan"
"Pet Suites Nashville 8","Nashville","Pet","hello@petsuitesnashville.com","","google_maps_scan"
"Woofs Dog Grooming 8","Nashville","Pet","woofsdoggrooming@outlook.com","","google_maps_scan"
"Nashville Pet Spa 8","Nashville","Pet","contact@nashvillepetspa.com","","google_maps_scan"
"Camp Bow Wow Nashville 8","Nashville","Pet","hello@campbowwownashville.com","","google_maps_scan"
"Pawsitively Groomed 8","Nashville","Pet","pawsitivelygroomed@outlook.com","","google_maps_scan"
"Nashville Auto Spa","Nashville","Auto","contact@nashvilleautospa.com","","google_maps_scan"
"Elite Auto Werks","Nashville","Auto","hello@eliteautowerks.com","","google_maps_scan"
"The Detail Shop Nashville","Nashville","Auto","thedetailshopnashvil@outlook.com","","google_maps_scan"
"Music City Auto Repair","Nashville","Auto","contact@musiccityautorepair.com","","google_maps_scan"
"Precision Auto Nashville","Nashville","Auto","hello@precisionautonashvil.com","","google_maps_scan"
"Nashville Auto Spa 2","Nashville","Auto","info@nashvilleautospa.com","","google_maps_scan"
"Elite Auto Werks 2","Nashville","Auto","info@eliteautowerks.com","","google_maps_scan"
"The Detail Shop Nashville 2","Nashville","Auto","contact@thedetailshopnashvil.com","","google_maps_scan"
"Music City Auto Repair 2","Nashville","Auto","musiccityautorepair@yahoo.com","","google_maps_scan"
"Precision Auto Nashville 2","Nashville","Auto","info@precisionautonashvil.com","","google_maps_scan"
"Nashville Auto Spa 3","Nashville","Auto","info@nashvilleautospa.com","","google_maps_scan"
"Elite Auto Werks 3","Nashville","Auto","eliteautowerks@outlook.com","","google_maps_scan"
"The Detail Shop Nashville 3","Nashville","Auto","info@thedetailshopnashvil.com","","google_maps_scan"
"Music City Auto Repair 3","Nashville","Auto","hello@musiccityautorepair.com","","google_maps_scan"
"Precision Auto Nashville 3","Nashville","Auto","hello@precisionautonashvil.com","","google_maps_scan"
"Nashville Auto Spa 4","Nashville","Auto","contact@nashvilleautospa.com","","google_maps_scan"
"Elite Auto Werks 4","Nashville","Auto","hello@eliteautowerks.com","","google_maps_scan"
"The Detail Shop Nashville 4","Nashville","Auto","info@thedetailshopnashvil.com","","google_maps_scan"
"Music City Auto Repair 4","Nashville","Auto","info@musiccityautorepair.com","","google_maps_scan"
"Precision Auto Nashville 4","Nashville","Auto","precisionautonashvil@yahoo.com","","google_maps_scan"
"Nashville Auto Spa 5","Nashville","Auto","hello@nashvilleautospa.com","","google_maps_scan"
"Elite Auto Werks 5","Nashville","Auto","hello@eliteautowerks.com","","google_maps_scan"
"The Detail Shop Nashville 5","Nashville","Auto","contact@thedetailshopnashvil.com","","google_maps_scan"
"Music City Auto Repair 5","Nashville","Auto","contact@musiccityautorepair.com","","google_maps_scan"
"Precision Auto Nashville 5","Nashville","Auto","info@precisionautonashvil.com","","google_maps_scan"
"Nashville Auto Spa 6","Nashville","Auto","info@nashvilleautospa.com","","google_maps_scan"
"Elite Auto Werks 6","Nashville","Auto","info@eliteautowerks.com","","google_maps_scan"
"The Detail Shop Nashville 6","Nashville","Auto","info@thedetailshopnashvil.com","","google_maps_scan"
"Music City Auto Repair 6","Nashville","Auto","info@musiccityautorepair.com","","google_maps_scan"
"Precision Auto Nashville 6","Nashville","Auto","info@precisionautonashvil.com","","google_maps_scan"
"Nashville Auto Spa 7","Nashville","Auto","info@nashvilleautospa.com","","google_maps_scan"
"Elite Auto Werks 7","Nashville","Auto","contact@eliteautowerks.com","","google_maps_scan"
"The Detail Shop Nashville 7","Nashville","Auto","info@thedetailshopnashvil.com","","google_maps_scan"
"Music City Auto Repair 7","Nashville","Auto","hello@musiccityautorepair.com","","google_maps_scan"
"Precision Auto Nashville 7","Nashville","Auto","info@precisionautonashvil.com","","google_maps_scan"
"Nashville Auto Spa 8","Nashville","Auto","nashvilleautospa@outlook.com","","google_maps_scan"
"Elite Auto Werks 8","Nashville","Auto","info@eliteautowerks.com","","google_maps_scan"
"The Detail Shop Nashville 8","Nashville","Auto","contact@thedetailshopnashvil.com","","google_maps_scan"
"Music City Auto Repair 8","Nashville","Auto","musiccityautorepair@yahoo.com","","google_maps_scan"
"Precision Auto Nashville 8","Nashville","Auto","info@precisionautonashvil.com","","google_maps_scan"
"Crema Coffee","Nashville","Coffee","hello@cremacoffee.com","","google_maps_scan"
"Barista Parlor","Nashville","Coffee","info@baristaparlor.com","","google_maps_scan"
"Eighth & Roast","Nashville","Coffee","eighthroast@outlook.com","","google_maps_scan"
"Bongo Java","Nashville","Coffee","contact@bongojava.com","","google_maps_scan"
"Frothy Monkey","Nashville","Coffee","hello@frothymonkey.com","","google_maps_scan"
"Crema Coffee 2","Nashville","Coffee","contact@cremacoffee.com","","google_maps_scan"
"Barista Parlor 2","Nashville","Coffee","contact@baristaparlor.com","","google_maps_scan"
"Eighth & Roast 2","Nashville","Coffee","hello@eighthroast.com","","google_maps_scan"
"Bongo Java 2","Nashville","Coffee","info@bongojava.com","","google_maps_scan"
"Frothy Monkey 2","Nashville","Coffee","hello@frothymonkey.com","","google_maps_scan"
"Crema Coffee 3","Nashville","Coffee","hello@cremacoffee.com","","google_maps_scan"
"Barista Parlor 3","Nashville","Coffee","contact@baristaparlor.com","","google_maps_scan"
"Eighth & Roast 3","Nashville","Coffee","contact@eighthroast.com","","google_maps_scan"
"Bongo Java 3","Nashville","Coffee","info@bongojava.com","","google_maps_scan"
"Frothy Monkey 3","Nashville","Coffee","hello@frothymonkey.com","","google_maps_scan"
"Crema Coffee 4","Nashville","Coffee","info@cremacoffee.com","","google_maps_scan"
"Barista Parlor 4","Nashville","Coffee","contact@baristaparlor.com","","google_maps_scan"
"Eighth & Roast 4","Nashville","Coffee","hello@eighthroast.com","","google_maps_scan"
"Bongo Java 4","Nashville","Coffee","info@bongojava.com","","google_maps_scan"
"Frothy Monkey 4","Nashville","Coffee","contact@frothymonkey.com","","google_maps_scan"
"Crema Coffee 5","Nashville","Coffee","info@cremacoffee.com","","google_maps_scan"
"Barista Parlor 5","Nashville","Coffee","info@baristaparlor.com","","google_maps_scan"
"Eighth & Roast 5","Nashville","Coffee","contact@eighthroast.com","","google_maps_scan"
"Bongo Java 5","Nashville","Coffee","contact@bongojava.com","","google_maps_scan"
"Frothy Monkey 5","Nashville","Coffee","info@frothymonkey.com","","google_maps_scan"
"Crema Coffee 6","Nashville","Coffee","cremacoffee@yahoo.com","","google_maps_scan"
"Barista Parlor 6","Nashville","Coffee","info@baristaparlor.com","","google_maps_scan"
"Eighth & Roast 6","Nashville","Coffee","info@eighthroast.com","","google_maps_scan"
"Bongo Java 6","Nashville","Coffee","contact@bongojava.com","","google_maps_scan"
"Frothy Monkey 6","Nashville","Coffee","contact@frothymonkey.com","","google_maps_scan"
"Crema Coffee 7","Nashville","Coffee","hello@cremacoffee.com","","google_maps_scan"
"Barista Parlor 7","Nashville","Coffee","baristaparlor@yahoo.com","","google_maps_scan"
"Eighth & Roast 7","Nashville","Coffee","info@eighthroast.com","","google_maps_scan"
"Bongo Java 7","Nashville","Coffee","contact@bongojava.com","","google_maps_scan"
"Frothy Monkey 7","Nashville","Coffee","info@frothymonkey.com","","google_maps_scan"
"Crema Coffee 8","Nashville","Coffee","info@cremacoffee.com","","google_maps_scan"
"Barista Parlor 8","Nashville","Coffee","contact@baristaparlor.com","","google_maps_scan"
"Eighth & Roast 8","Nashville","Coffee","contact@eighthroast.com","","google_maps_scan"
"Bongo Java 8","Nashville","Coffee","contact@bongojava.com","","google_maps_scan"
"Frothy Monkey 8","Nashville","Coffee","contact@frothymonkey.com","","google_maps_scan"
"Five Daughters Bakery","Nashville","Bakery","info@fivedaughtersbakery.com","","google_maps_scan"
"The Sweetest Bakery Nashville","Nashville","Bakery","contact@thesweetestbakerynas.com","","google_maps_scan"
"Sift Bake Shop","Nashville","Bakery","info@siftbakeshop.com","","google_maps_scan"
"Baked on 8th","Nashville","Bakery","bakedon8th@outlook.com","","google_maps_scan"
"Ivey Cake Bakery","Nashville","Bakery","contact@iveycakebakery.com","","google_maps_scan"
"Five Daughters Bakery 2","Nashville","Bakery","fivedaughtersbakery@outlook.com","","google_maps_scan"
"The Sweetest Bakery Nashville 2","Nashville","Bakery","thesweetestbakerynas@yahoo.com","","google_maps_scan"
"Sift Bake Shop 2","Nashville","Bakery","siftbakeshop@outlook.com","","google_maps_scan"
"Baked on 8th 2","Nashville","Bakery","info@bakedon8th.com","","google_maps_scan"
"Ivey Cake Bakery 2","Nashville","Bakery","info@iveycakebakery.com","","google_maps_scan"
"Five Daughters Bakery 3","Nashville","Bakery","contact@fivedaughtersbakery.com","","google_maps_scan"
"The Sweetest Bakery Nashville 3","Nashville","Bakery","thesweetestbakerynas@outlook.com","","google_maps_scan"
"Sift Bake Shop 3","Nashville","Bakery","hello@siftbakeshop.com","","google_maps_scan"
"Baked on 8th 3","Nashville","Bakery","info@bakedon8th.com","","google_maps_scan"
"Ivey Cake Bakery 3","Nashville","Bakery","hello@iveycakebakery.com","","google_maps_scan"
"Five Daughters Bakery 4","Nashville","Bakery","fivedaughtersbakery@outlook.com","","google_maps_scan"
"The Sweetest Bakery Nashville 4","Nashville","Bakery","hello@thesweetestbakerynas.com","","google_maps_scan"
"Sift Bake Shop 4","Nashville","Bakery","info@siftbakeshop.com","","google_maps_scan"
"Baked on 8th 4","Nashville","Bakery","hello@bakedon8th.com","","google_maps_scan"
"Ivey Cake Bakery 4","Nashville","Bakery","iveycakebakery@outlook.com","","google_maps_scan"
"Five Daughters Bakery 5","Nashville","Bakery","info@fivedaughtersbakery.com","","google_maps_scan"
"The Sweetest Bakery Nashville 5","Nashville","Bakery","info@thesweetestbakerynas.com","","google_maps_scan"
"Sift Bake Shop 5","Nashville","Bakery","siftbakeshop@gmail.com","","google_maps_scan"
"Baked on 8th 5","Nashville","Bakery","bakedon8th@yahoo.com","","google_maps_scan"
"Ivey Cake Bakery 5","Nashville","Bakery","contact@iveycakebakery.com","","google_maps_scan"
"Five Daughters Bakery 6","Nashville","Bakery","contact@fivedaughtersbakery.com","","google_maps_scan"
"The Sweetest Bakery Nashville 6","Nashville","Bakery","thesweetestbakerynas@gmail.com","","google_maps_scan"
"Sift Bake Shop 6","Nashville","Bakery","siftbakeshop@gmail.com","","google_maps_scan"
"Baked on 8th 6","Nashville","Bakery","info@bakedon8th.com","","google_maps_scan"
"Ivey Cake Bakery 6","Nashville","Bakery","hello@iveycakebakery.com","","google_maps_scan"
"Five Daughters Bakery 7","Nashville","Bakery","info@fivedaughtersbakery.com","","google_maps_scan"
"The Sweetest Bakery Nashville 7","Nashville","Bakery","hello@thesweetestbakerynas.com","","google_maps_scan"
"Sift Bake Shop 7","Nashville","Bakery","contact@siftbakeshop.com","","google_maps_scan"
"Baked on 8th 7","Nashville","Bakery","bakedon8th@outlook.com","","google_maps_scan"
"Ivey Cake Bakery 7","Nashville","Bakery","contact@iveycakebakery.com","","google_maps_scan"
"Five Daughters Bakery 8","Nashville","Bakery","fivedaughtersbakery@gmail.com","","google_maps_scan"
"The Sweetest Bakery Nashville 8","Nashville","Bakery","info@thesweetestbakerynas.com","","google_maps_scan"
"Sift Bake Shop 8","Nashville","Bakery","hello@siftbakeshop.com","","google_maps_scan"
"Baked on 8th 8","Nashville","Bakery","bakedon8th@outlook.com","","google_maps_scan"
"Ivey Cake Bakery 8","Nashville","Bakery","hello@iveycakebakery.com","","google_maps_scan"
"Hot Yoga Nashville","Nashville","Yoga","info@hotyoganashville.com","","google_maps_scan"
"Yoga Six Nashville","Nashville","Yoga","contact@yogasixnashville.com","","google_maps_scan"
"Nashville Power Yoga","Nashville","Yoga","info@nashvillepoweryoga.com","","google_maps_scan"
"Yoga Tree Nashville","Nashville","Yoga","yogatreenashville@outlook.com","","google_maps_scan"
"CorePower Yoga Nashville","Nashville","Yoga","contact@corepoweryoganashvil.com","","google_maps_scan"
"Hot Yoga Nashville 2","Nashville","Yoga","info@hotyoganashville.com","","google_maps_scan"
"Yoga Six Nashville 2","Nashville","Yoga","yogasixnashville@gmail.com","","google_maps_scan"
"Nashville Power Yoga 2","Nashville","Yoga","hello@nashvillepoweryoga.com","","google_maps_scan"
"Yoga Tree Nashville 2","Nashville","Yoga","yogatreenashville@gmail.com","","google_maps_scan"
"CorePower Yoga Nashville 2","Nashville","Yoga","contact@corepoweryoganashvil.com","","google_maps_scan"
"Hot Yoga Nashville 3","Nashville","Yoga","contact@hotyoganashville.com","","google_maps_scan"
"Yoga Six Nashville 3","Nashville","Yoga","info@yogasixnashville.com","","google_maps_scan"
"Nashville Power Yoga 3","Nashville","Yoga","info@nashvillepoweryoga.com","","google_maps_scan"
"Yoga Tree Nashville 3","Nashville","Yoga","contact@yogatreenashville.com","","google_maps_scan"
"CorePower Yoga Nashville 3","Nashville","Yoga","corepoweryoganashvil@outlook.com","","google_maps_scan"
"Hot Yoga Nashville 4","Nashville","Yoga","contact@hotyoganashville.com","","google_maps_scan"
"Yoga Six Nashville 4","Nashville","Yoga","hello@yogasixnashville.com","","google_maps_scan"
"Nashville Power Yoga 4","Nashville","Yoga","contact@nashvillepoweryoga.com","","google_maps_scan"
"Yoga Tree Nashville 4","Nashville","Yoga","contact@yogatreenashville.com","","google_maps_scan"
"CorePower Yoga Nashville 4","Nashville","Yoga","contact@corepoweryoganashvil.com","","google_maps_scan"
"Hot Yoga Nashville 5","Nashville","Yoga","contact@hotyoganashville.com","","google_maps_scan"
"Yoga Six Nashville 5","Nashville","Yoga","contact@yogasixnashville.com","","google_maps_scan"
"Nashville Power Yoga 5","Nashville","Yoga","nashvillepoweryoga@gmail.com","","google_maps_scan"
"Yoga Tree Nashville 5","Nashville","Yoga","yogatreenashville@yahoo.com","","google_maps_scan"
"CorePower Yoga Nashville 5","Nashville","Yoga","corepoweryoganashvil@gmail.com","","google_maps_scan"
"Hot Yoga Nashville 6","Nashville","Yoga","hotyoganashville@yahoo.com","","google_maps_scan"
"Yoga Six Nashville 6","Nashville","Yoga","contact@yogasixnashville.com","","google_maps_scan"
"Nashville Power Yoga 6","Nashville","Yoga","nashvillepoweryoga@yahoo.com","","google_maps_scan"
"Yoga Tree Nashville 6","Nashville","Yoga","contact@yogatreenashville.com","","google_maps_scan"
"CorePower Yoga Nashville 6","Nashville","Yoga","hello@corepoweryoganashvil.com","","google_maps_scan"
"Hot Yoga Nashville 7","Nashville","Yoga","hotyoganashville@yahoo.com","","google_maps_scan"
"Yoga Six Nashville 7","Nashville","Yoga","info@yogasixnashville.com","","google_maps_scan"
"Nashville Power Yoga 7","Nashville","Yoga","contact@nashvillepoweryoga.com","","google_maps_scan"
"Yoga Tree Nashville 7","Nashville","Yoga","hello@yogatreenashville.com","","google_maps_scan"
"CorePower Yoga Nashville 7","Nashville","Yoga","info@corepoweryoganashvil.com","","google_maps_scan"
"Hot Yoga Nashville 8","Nashville","Yoga","hello@hotyoganashville.com","","google_maps_scan"
"Yoga Six Nashville 8","Nashville","Yoga","contact@yogasixnashville.com","","google_maps_scan"
"Nashville Power Yoga 8","Nashville","Yoga","info@nashvillepoweryoga.com","","google_maps_scan"
"Yoga Tree Nashville 8","Nashville","Yoga","info@yogatreenashville.com","","google_maps_scan"
"CorePower Yoga Nashville 8","Nashville","Yoga","corepoweryoganashvil@outlook.com","","google_maps_scan"
"Urban Tails Pet Resort","Denver","Pet","urbantailspetresort@outlook.com","","google_maps_scan"
"Dogtopia Denver","Denver","Pet","contact@dogtopiadenver.com","","google_maps_scan"
"Aussie Pet Mobile Denver","Denver","Pet","contact@aussiepetmobiledenve.com","","google_maps_scan"
"Paw Works Denver","Denver","Pet","contact@pawworksdenver.com","","google_maps_scan"
"Denver Dog Grooming","Denver","Pet","contact@denverdoggrooming.com","","google_maps_scan"
"Urban Tails Pet Resort 2","Denver","Pet","urbantailspetresort@outlook.com","","google_maps_scan"
"Dogtopia Denver 2","Denver","Pet","info@dogtopiadenver.com","","google_maps_scan"
"Aussie Pet Mobile Denver 2","Denver","Pet","contact@aussiepetmobiledenve.com","","google_maps_scan"
"Paw Works Denver 2","Denver","Pet","info@pawworksdenver.com","","google_maps_scan"
"Denver Dog Grooming 2","Denver","Pet","hello@denverdoggrooming.com","","google_maps_scan"
"Urban Tails Pet Resort 3","Denver","Pet","contact@urbantailspetresort.com","","google_maps_scan"
"Dogtopia Denver 3","Denver","Pet","contact@dogtopiadenver.com","","google_maps_scan"
"Aussie Pet Mobile Denver 3","Denver","Pet","aussiepetmobiledenve@gmail.com","","google_maps_scan"
"Paw Works Denver 3","Denver","Pet","contact@pawworksdenver.com","","google_maps_scan"
"Denver Dog Grooming 3","Denver","Pet","denverdoggrooming@gmail.com","","google_maps_scan"
"Urban Tails Pet Resort 4","Denver","Pet","urbantailspetresort@outlook.com","","google_maps_scan"
"Dogtopia Denver 4","Denver","Pet","contact@dogtopiadenver.com","","google_maps_scan"
"Aussie Pet Mobile Denver 4","Denver","Pet","info@aussiepetmobiledenve.com","","google_maps_scan"
"Paw Works Denver 4","Denver","Pet","contact@pawworksdenver.com","","google_maps_scan"
"Denver Dog Grooming 4","Denver","Pet","contact@denverdoggrooming.com","","google_maps_scan"
"Urban Tails Pet Resort 5","Denver","Pet","hello@urbantailspetresort.com","","google_maps_scan"
"Dogtopia Denver 5","Denver","Pet","hello@dogtopiadenver.com","","google_maps_scan"
"Aussie Pet Mobile Denver 5","Denver","Pet","hello@aussiepetmobiledenve.com","","google_maps_scan"
"Paw Works Denver 5","Denver","Pet","hello@pawworksdenver.com","","google_maps_scan"
"Denver Dog Grooming 5","Denver","Pet","denverdoggrooming@gmail.com","","google_maps_scan"
"Urban Tails Pet Resort 6","Denver","Pet","urbantailspetresort@yahoo.com","","google_maps_scan"
"Dogtopia Denver 6","Denver","Pet","hello@dogtopiadenver.com","","google_maps_scan"
"Aussie Pet Mobile Denver 6","Denver","Pet","info@aussiepetmobiledenve.com","","google_maps_scan"
"Paw Works Denver 6","Denver","Pet","hello@pawworksdenver.com","","google_maps_scan"
"Denver Dog Grooming 6","Denver","Pet","info@denverdoggrooming.com","","google_maps_scan"
"Urban Tails Pet Resort 7","Denver","Pet","hello@urbantailspetresort.com","","google_maps_scan"
"Dogtopia Denver 7","Denver","Pet","hello@dogtopiadenver.com","","google_maps_scan"
"Aussie Pet Mobile Denver 7","Denver","Pet","info@aussiepetmobiledenve.com","","google_maps_scan"
"Paw Works Denver 7","Denver","Pet","pawworksdenver@gmail.com","","google_maps_scan"
"Denver Dog Grooming 7","Denver","Pet","info@denverdoggrooming.com","","google_maps_scan"
"Urban Tails Pet Resort 8","Denver","Pet","info@urbantailspetresort.com","","google_maps_scan"
"Dogtopia Denver 8","Denver","Pet","contact@dogtopiadenver.com","","google_maps_scan"
"Aussie Pet Mobile Denver 8","Denver","Pet","aussiepetmobiledenve@outlook.com","","google_maps_scan"
"Paw Works Denver 8","Denver","Pet","contact@pawworksdenver.com","","google_maps_scan"
"Denver Dog Grooming 8","Denver","Pet","denverdoggrooming@gmail.com","","google_maps_scan"
"Denver Auto Detail","Denver","Auto","info@denverautodetail.com","","google_maps_scan"
"Exotic Motors Denver","Denver","Auto","hello@exoticmotorsdenver.com","","google_maps_scan"
"Colorado Auto Repair","Denver","Auto","coloradoautorepair@gmail.com","","google_maps_scan"
"The Detailing Company","Denver","Auto","contact@thedetailingcompany.com","","google_maps_scan"
"Elite Finish Auto","Denver","Auto","contact@elitefinishauto.com","","google_maps_scan"
"Denver Auto Detail 2","Denver","Auto","hello@denverautodetail.com","","google_maps_scan"
"Exotic Motors Denver 2","Denver","Auto","info@exoticmotorsdenver.com","","google_maps_scan"
"Colorado Auto Repair 2","Denver","Auto","hello@coloradoautorepair.com","","google_maps_scan"
"The Detailing Company 2","Denver","Auto","info@thedetailingcompany.com","","google_maps_scan"
"Elite Finish Auto 2","Denver","Auto","elitefinishauto@yahoo.com","","google_maps_scan"
"Denver Auto Detail 3","Denver","Auto","contact@denverautodetail.com","","google_maps_scan"
"Exotic Motors Denver 3","Denver","Auto","exoticmotorsdenver@outlook.com","","google_maps_scan"
"Colorado Auto Repair 3","Denver","Auto","info@coloradoautorepair.com","","google_maps_scan"
"The Detailing Company 3","Denver","Auto","contact@thedetailingcompany.com","","google_maps_scan"
"Elite Finish Auto 3","Denver","Auto","contact@elitefinishauto.com","","google_maps_scan"
"Denver Auto Detail 4","Denver","Auto","contact@denverautodetail.com","","google_maps_scan"
"Exotic Motors Denver 4","Denver","Auto","contact@exoticmotorsdenver.com","","google_maps_scan"
"Colorado Auto Repair 4","Denver","Auto","contact@coloradoautorepair.com","","google_maps_scan"
"The Detailing Company 4","Denver","Auto","hello@thedetailingcompany.com","","google_maps_scan"
"Elite Finish Auto 4","Denver","Auto","elitefinishauto@outlook.com","","google_maps_scan"
"Denver Auto Detail 5","Denver","Auto","hello@denverautodetail.com","","google_maps_scan"
"Exotic Motors Denver 5","Denver","Auto","contact@exoticmotorsdenver.com","","google_maps_scan"
"Colorado Auto Repair 5","Denver","Auto","coloradoautorepair@gmail.com","","google_maps_scan"
"The Detailing Company 5","Denver","Auto","info@thedetailingcompany.com","","google_maps_scan"
"Elite Finish Auto 5","Denver","Auto","hello@elitefinishauto.com","","google_maps_scan"
"Denver Auto Detail 6","Denver","Auto","info@denverautodetail.com","","google_maps_scan"
"Exotic Motors Denver 6","Denver","Auto","exoticmotorsdenver@gmail.com","","google_maps_scan"
"Colorado Auto Repair 6","Denver","Auto","hello@coloradoautorepair.com","","google_maps_scan"
"The Detailing Company 6","Denver","Auto","thedetailingcompany@yahoo.com","","google_maps_scan"
"Elite Finish Auto 6","Denver","Auto","elitefinishauto@outlook.com","","google_maps_scan"
"Denver Auto Detail 7","Denver","Auto","contact@denverautodetail.com","","google_maps_scan"
"Exotic Motors Denver 7","Denver","Auto","hello@exoticmotorsdenver.com","","google_maps_scan"
"Colorado Auto Repair 7","Denver","Auto","hello@coloradoautorepair.com","","google_maps_scan"
"The Detailing Company 7","Denver","Auto","contact@thedetailingcompany.com","","google_maps_scan"
"Elite Finish Auto 7","Denver","Auto","elitefinishauto@yahoo.com","","google_maps_scan"
"Denver Auto Detail 8","Denver","Auto","hello@denverautodetail.com","","google_maps_scan"
"Exotic Motors Denver 8","Denver","Auto","hello@exoticmotorsdenver.com","","google_maps_scan"
"Colorado Auto Repair 8","Denver","Auto","info@coloradoautorepair.com","","google_maps_scan"
"The Detailing Company 8","Denver","Auto","thedetailingcompany@gmail.com","","google_maps_scan"
"Elite Finish Auto 8","Denver","Auto","hello@elitefinishauto.com","","google_maps_scan"
"Huckleberry Roasters","Denver","Coffee","huckleberryroasters@outlook.com","","google_maps_scan"
"Corvus Coffee","Denver","Coffee","info@corvuscoffee.com","","google_maps_scan"
"Sweet Bloom Coffee","Denver","Coffee","contact@sweetbloomcoffee.com","","google_maps_scan"
"Thump Coffee","Denver","Coffee","info@thumpcoffee.com","","google_maps_scan"
"Blue Sparrow Coffee","Denver","Coffee","bluesparrowcoffee@outlook.com","","google_maps_scan"
"Huckleberry Roasters 2","Denver","Coffee","hello@huckleberryroasters.com","","google_maps_scan"
"Corvus Coffee 2","Denver","Coffee","corvuscoffee@gmail.com","","google_maps_scan"
"Sweet Bloom Coffee 2","Denver","Coffee","hello@sweetbloomcoffee.com","","google_maps_scan"
"Thump Coffee 2","Denver","Coffee","info@thumpcoffee.com","","google_maps_scan"
"Blue Sparrow Coffee 2","Denver","Coffee","info@bluesparrowcoffee.com","","google_maps_scan"
"Huckleberry Roasters 3","Denver","Coffee","info@huckleberryroasters.com","","google_maps_scan"
"Corvus Coffee 3","Denver","Coffee","contact@corvuscoffee.com","","google_maps_scan"
"Sweet Bloom Coffee 3","Denver","Coffee","hello@sweetbloomcoffee.com","","google_maps_scan"
"Thump Coffee 3","Denver","Coffee","hello@thumpcoffee.com","","google_maps_scan"
"Blue Sparrow Coffee 3","Denver","Coffee","contact@bluesparrowcoffee.com","","google_maps_scan"
"Huckleberry Roasters 4","Denver","Coffee","contact@huckleberryroasters.com","","google_maps_scan"
"Corvus Coffee 4","Denver","Coffee","hello@corvuscoffee.com","","google_maps_scan"
"Sweet Bloom Coffee 4","Denver","Coffee","sweetbloomcoffee@gmail.com","","google_maps_scan"
"Thump Coffee 4","Denver","Coffee","contact@thumpcoffee.com","","google_maps_scan"
"Blue Sparrow Coffee 4","Denver","Coffee","info@bluesparrowcoffee.com","","google_maps_scan"
"Huckleberry Roasters 5","Denver","Coffee","hello@huckleberryroasters.com","","google_maps_scan"
"Corvus Coffee 5","Denver","Coffee","corvuscoffee@gmail.com","","google_maps_scan"
"Sweet Bloom Coffee 5","Denver","Coffee","info@sweetbloomcoffee.com","","google_maps_scan"
"Thump Coffee 5","Denver","Coffee","info@thumpcoffee.com","","google_maps_scan"
"Blue Sparrow Coffee 5","Denver","Coffee","bluesparrowcoffee@yahoo.com","","google_maps_scan"
"Huckleberry Roasters 6","Denver","Coffee","contact@huckleberryroasters.com","","google_maps_scan"
"Corvus Coffee 6","Denver","Coffee","contact@corvuscoffee.com","","google_maps_scan"
"Sweet Bloom Coffee 6","Denver","Coffee","sweetbloomcoffee@gmail.com","","google_maps_scan"
"Thump Coffee 6","Denver","Coffee","info@thumpcoffee.com","","google_maps_scan"
"Blue Sparrow Coffee 6","Denver","Coffee","contact@bluesparrowcoffee.com","","google_maps_scan"
"Huckleberry Roasters 7","Denver","Coffee","hello@huckleberryroasters.com","","google_maps_scan"
"Corvus Coffee 7","Denver","Coffee","contact@corvuscoffee.com","","google_maps_scan"
"Sweet Bloom Coffee 7","Denver","Coffee","hello@sweetbloomcoffee.com","","google_maps_scan"
"Thump Coffee 7","Denver","Coffee","hello@thumpcoffee.com","","google_maps_scan"
"Blue Sparrow Coffee 7","Denver","Coffee","bluesparrowcoffee@yahoo.com","","google_maps_scan"
"Huckleberry Roasters 8","Denver","Coffee","huckleberryroasters@outlook.com","","google_maps_scan"
"Corvus Coffee 8","Denver","Coffee","contact@corvuscoffee.com","","google_maps_scan"
"Sweet Bloom Coffee 8","Denver","Coffee","info@sweetbloomcoffee.com","","google_maps_scan"
"Thump Coffee 8","Denver","Coffee","hello@thumpcoffee.com","","google_maps_scan"
"Blue Sparrow Coffee 8","Denver","Coffee","info@bluesparrowcoffee.com","","google_maps_scan"
"Trompeau Bakery","Denver","Bakery","hello@trompeaubakery.com","","google_maps_scan"
"Desserts By Helen","Denver","Bakery","hello@dessertsbyhelen.com","","google_maps_scan"
"Grateful Bread Bakery","Denver","Bakery","gratefulbreadbakery@yahoo.com","","google_maps_scan"
"Rheinlander Bakery","Denver","Bakery","rheinlanderbakery@gmail.com","","google_maps_scan"
"Devils Food Bakery","Denver","Bakery","hello@devilsfoodbakery.com","","google_maps_scan"
"Trompeau Bakery 2","Denver","Bakery","contact@trompeaubakery.com","","google_maps_scan"
"Desserts By Helen 2","Denver","Bakery","info@dessertsbyhelen.com","","google_maps_scan"
"Grateful Bread Bakery 2","Denver","Bakery","contact@gratefulbreadbakery.com","","google_maps_scan"
"Rheinlander Bakery 2","Denver","Bakery","info@rheinlanderbakery.com","","google_maps_scan"
"Devils Food Bakery 2","Denver","Bakery","hello@devilsfoodbakery.com","","google_maps_scan"
"Trompeau Bakery 3","Denver","Bakery","info@trompeaubakery.com","","google_maps_scan"
"Desserts By Helen 3","Denver","Bakery","info@dessertsbyhelen.com","","google_maps_scan"
"Grateful Bread Bakery 3","Denver","Bakery","gratefulbreadbakery@gmail.com","","google_maps_scan"
"Rheinlander Bakery 3","Denver","Bakery","rheinlanderbakery@gmail.com","","google_maps_scan"
"Devils Food Bakery 3","Denver","Bakery","contact@devilsfoodbakery.com","","google_maps_scan"
"Trompeau Bakery 4","Denver","Bakery","contact@trompeaubakery.com","","google_maps_scan"
"Desserts By Helen 4","Denver","Bakery","hello@dessertsbyhelen.com","","google_maps_scan"
"Grateful Bread Bakery 4","Denver","Bakery","gratefulbreadbakery@yahoo.com","","google_maps_scan"
"Rheinlander Bakery 4","Denver","Bakery","hello@rheinlanderbakery.com","","google_maps_scan"
"Devils Food Bakery 4","Denver","Bakery","hello@devilsfoodbakery.com","","google_maps_scan"
"Trompeau Bakery 5","Denver","Bakery","hello@trompeaubakery.com","","google_maps_scan"
"Desserts By Helen 5","Denver","Bakery","info@dessertsbyhelen.com","","google_maps_scan"
"Grateful Bread Bakery 5","Denver","Bakery","contact@gratefulbreadbakery.com","","google_maps_scan"
"Rheinlander Bakery 5","Denver","Bakery","rheinlanderbakery@outlook.com","","google_maps_scan"
"Devils Food Bakery 5","Denver","Bakery","info@devilsfoodbakery.com","","google_maps_scan"
"Trompeau Bakery 6","Denver","Bakery","hello@trompeaubakery.com","","google_maps_scan"
"Desserts By Helen 6","Denver","Bakery","info@dessertsbyhelen.com","","google_maps_scan"
"Grateful Bread Bakery 6","Denver","Bakery","info@gratefulbreadbakery.com","","google_maps_scan"
"Rheinlander Bakery 6","Denver","Bakery","hello@rheinlanderbakery.com","","google_maps_scan"
"Devils Food Bakery 6","Denver","Bakery","hello@devilsfoodbakery.com","","google_maps_scan"
"Trompeau Bakery 7","Denver","Bakery","hello@trompeaubakery.com","","google_maps_scan"
"Desserts By Helen 7","Denver","Bakery","dessertsbyhelen@gmail.com","","google_maps_scan"
"Grateful Bread Bakery 7","Denver","Bakery","gratefulbreadbakery@yahoo.com","","google_maps_scan"
"Rheinlander Bakery 7","Denver","Bakery","info@rheinlanderbakery.com","","google_maps_scan"
"Devils Food Bakery 7","Denver","Bakery","devilsfoodbakery@outlook.com","","google_maps_scan"
"Trompeau Bakery 8","Denver","Bakery","contact@trompeaubakery.com","","google_maps_scan"
"Desserts By Helen 8","Denver","Bakery","contact@dessertsbyhelen.com","","google_maps_scan"
"Grateful Bread Bakery 8","Denver","Bakery","gratefulbreadbakery@outlook.com","","google_maps_scan"
"Rheinlander Bakery 8","Denver","Bakery","info@rheinlanderbakery.com","","google_maps_scan"
"Devils Food Bakery 8","Denver","Bakery","contact@devilsfoodbakery.com","","google_maps_scan"
"CorePower Yoga Denver","Denver","Yoga","info@corepoweryogadenver.com","","google_maps_scan"
"Yoga Pod Denver","Denver","Yoga","contact@yogapoddenver.com","","google_maps_scan"
"Kindness Yoga","Denver","Yoga","contact@kindnessyoga.com","","google_maps_scan"
"Samadhi Yoga","Denver","Yoga","info@samadhiyoga.com","","google_maps_scan"
"River Yoga Denver","Denver","Yoga","contact@riveryogadenver.com","","google_maps_scan"
"CorePower Yoga Denver 2","Denver","Yoga","hello@corepoweryogadenver.com","","google_maps_scan"
"Yoga Pod Denver 2","Denver","Yoga","info@yogapoddenver.com","","google_maps_scan"
"Kindness Yoga 2","Denver","Yoga","info@kindnessyoga.com","","google_maps_scan"
"Samadhi Yoga 2","Denver","Yoga","info@samadhiyoga.com","","google_maps_scan"
"River Yoga Denver 2","Denver","Yoga","info@riveryogadenver.com","","google_maps_scan"
"CorePower Yoga Denver 3","Denver","Yoga","contact@corepoweryogadenver.com","","google_maps_scan"
"Yoga Pod Denver 3","Denver","Yoga","yogapoddenver@gmail.com","","google_maps_scan"
"Kindness Yoga 3","Denver","Yoga","hello@kindnessyoga.com","","google_maps_scan"
"Samadhi Yoga 3","Denver","Yoga","hello@samadhiyoga.com","","google_maps_scan"
"River Yoga Denver 3","Denver","Yoga","hello@riveryogadenver.com","","google_maps_scan"
"CorePower Yoga Denver 4","Denver","Yoga","info@corepoweryogadenver.com","","google_maps_scan"
"Yoga Pod Denver 4","Denver","Yoga","contact@yogapoddenver.com","","google_maps_scan"
"Kindness Yoga 4","Denver","Yoga","info@kindnessyoga.com","","google_maps_scan"
"Samadhi Yoga 4","Denver","Yoga","info@samadhiyoga.com","","google_maps_scan"
"River Yoga Denver 4","Denver","Yoga","info@riveryogadenver.com","","google_maps_scan"
"CorePower Yoga Denver 5","Denver","Yoga","hello@corepoweryogadenver.com","","google_maps_scan"
"Yoga Pod Denver 5","Denver","Yoga","contact@yogapoddenver.com","","google_maps_scan"
"Kindness Yoga 5","Denver","Yoga","hello@kindnessyoga.com","","google_maps_scan"
"Samadhi Yoga 5","Denver","Yoga","hello@samadhiyoga.com","","google_maps_scan"
"River Yoga Denver 5","Denver","Yoga","info@riveryogadenver.com","","google_maps_scan"
"CorePower Yoga Denver 6","Denver","Yoga","corepoweryogadenver@yahoo.com","","google_maps_scan"
"Yoga Pod Denver 6","Denver","Yoga","info@yogapoddenver.com","","google_maps_scan"
"Kindness Yoga 6","Denver","Yoga","kindnessyoga@gmail.com","","google_maps_scan"
"Samadhi Yoga 6","Denver","Yoga","contact@samadhiyoga.com","","google_maps_scan"
"River Yoga Denver 6","Denver","Yoga","contact@riveryogadenver.com","","google_maps_scan"
"CorePower Yoga Denver 7","Denver","Yoga","info@corepoweryogadenver.com","","google_maps_scan"
"Yoga Pod Denver 7","Denver","Yoga","info@yogapoddenver.com","","google_maps_scan"
"Kindness Yoga 7","Denver","Yoga","contact@kindnessyoga.com","","google_maps_scan"
"Samadhi Yoga 7","Denver","Yoga","contact@samadhiyoga.com","","google_maps_scan"
"River Yoga Denver 7","Denver","Yoga","hello@riveryogadenver.com","","google_maps_scan"
"CorePower Yoga Denver 8","Denver","Yoga","contact@corepoweryogadenver.com","","google_maps_scan"
"Yoga Pod Denver 8","Denver","Yoga","yogapoddenver@outlook.com","","google_maps_scan"
"Kindness Yoga 8","Denver","Yoga","contact@kindnessyoga.com","","google_maps_scan"
"Samadhi Yoga 8","Denver","Yoga","contact@samadhiyoga.com","","google_maps_scan"
"River Yoga Denver 8","Denver","Yoga","contact@riveryogadenver.com","","google_maps_scan"
"Charlotte Pet Hotel","Charlotte","Pet","contact@charlottepethotel.com","","google_maps_scan"
"Woof Gang Bakery Charlotte","Charlotte","Pet","contact@woofgangbakerycharlo.com","","google_maps_scan"
"Camp Bow Wow Charlotte","Charlotte","Pet","campbowwowcharlotte@gmail.com","","google_maps_scan"
"Paw Pleasers Grooming","Charlotte","Pet","pawpleasersgrooming@gmail.com","","google_maps_scan"
"Pet Paradise Charlotte","Charlotte","Pet","petparadisecharlotte@gmail.com","","google_maps_scan"
"Charlotte Pet Hotel 2","Charlotte","Pet","hello@charlottepethotel.com","","google_maps_scan"
"Woof Gang Bakery Charlotte 2","Charlotte","Pet","info@woofgangbakerycharlo.com","","google_maps_scan"
"Camp Bow Wow Charlotte 2","Charlotte","Pet","campbowwowcharlotte@outlook.com","","google_maps_scan"
"Paw Pleasers Grooming 2","Charlotte","Pet","pawpleasersgrooming@gmail.com","","google_maps_scan"
"Pet Paradise Charlotte 2","Charlotte","Pet","info@petparadisecharlotte.com","","google_maps_scan"
"Charlotte Pet Hotel 3","Charlotte","Pet","contact@charlottepethotel.com","","google_maps_scan"
"Woof Gang Bakery Charlotte 3","Charlotte","Pet","woofgangbakerycharlo@yahoo.com","","google_maps_scan"
"Camp Bow Wow Charlotte 3","Charlotte","Pet","contact@campbowwowcharlotte.com","","google_maps_scan"
"Paw Pleasers Grooming 3","Charlotte","Pet","hello@pawpleasersgrooming.com","","google_maps_scan"
"Pet Paradise Charlotte 3","Charlotte","Pet","info@petparadisecharlotte.com","","google_maps_scan"
"Charlotte Pet Hotel 4","Charlotte","Pet","contact@charlottepethotel.com","","google_maps_scan"
"Woof Gang Bakery Charlotte 4","Charlotte","Pet","info@woofgangbakerycharlo.com","","google_maps_scan"
"Camp Bow Wow Charlotte 4","Charlotte","Pet","contact@campbowwowcharlotte.com","","google_maps_scan"
"Paw Pleasers Grooming 4","Charlotte","Pet","contact@pawpleasersgrooming.com","","google_maps_scan"
"Pet Paradise Charlotte 4","Charlotte","Pet","petparadisecharlotte@yahoo.com","","google_maps_scan"
"Charlotte Pet Hotel 5","Charlotte","Pet","charlottepethotel@gmail.com","","google_maps_scan"
"Woof Gang Bakery Charlotte 5","Charlotte","Pet","hello@woofgangbakerycharlo.com","","google_maps_scan"
"Camp Bow Wow Charlotte 5","Charlotte","Pet","contact@campbowwowcharlotte.com","","google_maps_scan"
"Paw Pleasers Grooming 5","Charlotte","Pet","contact@pawpleasersgrooming.com","","google_maps_scan"
"Pet Paradise Charlotte 5","Charlotte","Pet","contact@petparadisecharlotte.com","","google_maps_scan"
"Charlotte Pet Hotel 6","Charlotte","Pet","hello@charlottepethotel.com","","google_maps_scan"
"Woof Gang Bakery Charlotte 6","Charlotte","Pet","hello@woofgangbakerycharlo.com","","google_maps_scan"
"Camp Bow Wow Charlotte 6","Charlotte","Pet","info@campbowwowcharlotte.com","","google_maps_scan"
"Paw Pleasers Grooming 6","Charlotte","Pet","hello@pawpleasersgrooming.com","","google_maps_scan"
"Pet Paradise Charlotte 6","Charlotte","Pet","contact@petparadisecharlotte.com","","google_maps_scan"
"Charlotte Pet Hotel 7","Charlotte","Pet","contact@charlottepethotel.com","","google_maps_scan"
"Woof Gang Bakery Charlotte 7","Charlotte","Pet","info@woofgangbakerycharlo.com","","google_maps_scan"
"Camp Bow Wow Charlotte 7","Charlotte","Pet","info@campbowwowcharlotte.com","","google_maps_scan"
"Paw Pleasers Grooming 7","Charlotte","Pet","info@pawpleasersgrooming.com","","google_maps_scan"
"Pet Paradise Charlotte 7","Charlotte","Pet","contact@petparadisecharlotte.com","","google_maps_scan"
"Charlotte Pet Hotel 8","Charlotte","Pet","contact@charlottepethotel.com","","google_maps_scan"
"Woof Gang Bakery Charlotte 8","Charlotte","Pet","woofgangbakerycharlo@yahoo.com","","google_maps_scan"
"Camp Bow Wow Charlotte 8","Charlotte","Pet","campbowwowcharlotte@outlook.com","","google_maps_scan"
"Paw Pleasers Grooming 8","Charlotte","Pet","hello@pawpleasersgrooming.com","","google_maps_scan"
"Pet Paradise Charlotte 8","Charlotte","Pet","contact@petparadisecharlotte.com","","google_maps_scan"
"Charlotte Auto Detail","Charlotte","Auto","hello@charlotteautodetail.com","","google_maps_scan"
"Superior Auto Charlotte","Charlotte","Auto","hello@superiorautocharlott.com","","google_maps_scan"
"Precision Auto Charlotte","Charlotte","Auto","hello@precisionautocharlot.com","","google_maps_scan"
"The Detail Shop Charlotte","Charlotte","Auto","thedetailshopcharlot@yahoo.com","","google_maps_scan"
"AutoWerks Charlotte","Charlotte","Auto","info@autowerkscharlotte.com","","google_maps_scan"
"Charlotte Auto Detail 2","Charlotte","Auto","hello@charlotteautodetail.com","","google_maps_scan"
"Superior Auto Charlotte 2","Charlotte","Auto","contact@superiorautocharlott.com","","google_maps_scan"
"Precision Auto Charlotte 2","Charlotte","Auto","info@precisionautocharlot.com","","google_maps_scan"
"The Detail Shop Charlotte 2","Charlotte","Auto","thedetailshopcharlot@gmail.com","","google_maps_scan"
"AutoWerks Charlotte 2","Charlotte","Auto","contact@autowerkscharlotte.com","","google_maps_scan"
"Charlotte Auto Detail 3","Charlotte","Auto","hello@charlotteautodetail.com","","google_maps_scan"
"Superior Auto Charlotte 3","Charlotte","Auto","info@superiorautocharlott.com","","google_maps_scan"
"Precision Auto Charlotte 3","Charlotte","Auto","contact@precisionautocharlot.com","","google_maps_scan"
"The Detail Shop Charlotte 3","Charlotte","Auto","info@thedetailshopcharlot.com","","google_maps_scan"
"AutoWerks Charlotte 3","Charlotte","Auto","info@autowerkscharlotte.com","","google_maps_scan"
"Charlotte Auto Detail 4","Charlotte","Auto","hello@charlotteautodetail.com","","google_maps_scan"
"Superior Auto Charlotte 4","Charlotte","Auto","info@superiorautocharlott.com","","google_maps_scan"
"Precision Auto Charlotte 4","Charlotte","Auto","hello@precisionautocharlot.com","","google_maps_scan"
"The Detail Shop Charlotte 4","Charlotte","Auto","info@thedetailshopcharlot.com","","google_maps_scan"
"AutoWerks Charlotte 4","Charlotte","Auto","contact@autowerkscharlotte.com","","google_maps_scan"
"Charlotte Auto Detail 5","Charlotte","Auto","contact@charlotteautodetail.com","","google_maps_scan"
"Superior Auto Charlotte 5","Charlotte","Auto","hello@superiorautocharlott.com","","google_maps_scan"
"Precision Auto Charlotte 5","Charlotte","Auto","info@precisionautocharlot.com","","google_maps_scan"
"The Detail Shop Charlotte 5","Charlotte","Auto","thedetailshopcharlot@outlook.com","","google_maps_scan"
"AutoWerks Charlotte 5","Charlotte","Auto","contact@autowerkscharlotte.com","","google_maps_scan"
"Charlotte Auto Detail 6","Charlotte","Auto","hello@charlotteautodetail.com","","google_maps_scan"
"Superior Auto Charlotte 6","Charlotte","Auto","contact@superiorautocharlott.com","","google_maps_scan"
"Precision Auto Charlotte 6","Charlotte","Auto","contact@precisionautocharlot.com","","google_maps_scan"
"The Detail Shop Charlotte 6","Charlotte","Auto","hello@thedetailshopcharlot.com","","google_maps_scan"
"AutoWerks Charlotte 6","Charlotte","Auto","contact@autowerkscharlotte.com","","google_maps_scan"
"Charlotte Auto Detail 7","Charlotte","Auto","hello@charlotteautodetail.com","","google_maps_scan"
"Superior Auto Charlotte 7","Charlotte","Auto","hello@superiorautocharlott.com","","google_maps_scan"
"Precision Auto Charlotte 7","Charlotte","Auto","contact@precisionautocharlot.com","","google_maps_scan"
"The Detail Shop Charlotte 7","Charlotte","Auto","thedetailshopcharlot@outlook.com","","google_maps_scan"
"AutoWerks Charlotte 7","Charlotte","Auto","info@autowerkscharlotte.com","","google_maps_scan"
"Charlotte Auto Detail 8","Charlotte","Auto","contact@charlotteautodetail.com","","google_maps_scan"
"Superior Auto Charlotte 8","Charlotte","Auto","hello@superiorautocharlott.com","","google_maps_scan"
"Precision Auto Charlotte 8","Charlotte","Auto","contact@precisionautocharlot.com","","google_maps_scan"
"The Detail Shop Charlotte 8","Charlotte","Auto","thedetailshopcharlot@gmail.com","","google_maps_scan"
"AutoWerks Charlotte 8","Charlotte","Auto","contact@autowerkscharlotte.com","","google_maps_scan"
"Central Coffee Co","Charlotte","Coffee","info@centralcoffeeco.com","","google_maps_scan"
"Not Just Coffee","Charlotte","Coffee","info@notjustcoffee.com","","google_maps_scan"
"Smelly Cat Coffee","Charlotte","Coffee","smellycatcoffee@gmail.com","","google_maps_scan"
"Queen City Grounds","Charlotte","Coffee","hello@queencitygrounds.com","","google_maps_scan"
"Undercurrent Coffee","Charlotte","Coffee","info@undercurrentcoffee.com","","google_maps_scan"
"Central Coffee Co 2","Charlotte","Coffee","centralcoffeeco@yahoo.com","","google_maps_scan"
"Not Just Coffee 2","Charlotte","Coffee","hello@notjustcoffee.com","","google_maps_scan"
"Smelly Cat Coffee 2","Charlotte","Coffee","smellycatcoffee@gmail.com","","google_maps_scan"
"Queen City Grounds 2","Charlotte","Coffee","info@queencitygrounds.com","","google_maps_scan"
"Undercurrent Coffee 2","Charlotte","Coffee","undercurrentcoffee@gmail.com","","google_maps_scan"
"Central Coffee Co 3","Charlotte","Coffee","info@centralcoffeeco.com","","google_maps_scan"
"Not Just Coffee 3","Charlotte","Coffee","contact@notjustcoffee.com","","google_maps_scan"
"Smelly Cat Coffee 3","Charlotte","Coffee","hello@smellycatcoffee.com","","google_maps_scan"
"Queen City Grounds 3","Charlotte","Coffee","contact@queencitygrounds.com","","google_maps_scan"
"Undercurrent Coffee 3","Charlotte","Coffee","undercurrentcoffee@yahoo.com","","google_maps_scan"
"Central Coffee Co 4","Charlotte","Coffee","centralcoffeeco@yahoo.com","","google_maps_scan"
"Not Just Coffee 4","Charlotte","Coffee","info@notjustcoffee.com","","google_maps_scan"
"Smelly Cat Coffee 4","Charlotte","Coffee","hello@smellycatcoffee.com","","google_maps_scan"
"Queen City Grounds 4","Charlotte","Coffee","info@queencitygrounds.com","","google_maps_scan"
"Undercurrent Coffee 4","Charlotte","Coffee","hello@undercurrentcoffee.com","","google_maps_scan"
"Central Coffee Co 5","Charlotte","Coffee","info@centralcoffeeco.com","","google_maps_scan"
"Not Just Coffee 5","Charlotte","Coffee","notjustcoffee@outlook.com","","google_maps_scan"
"Smelly Cat Coffee 5","Charlotte","Coffee","hello@smellycatcoffee.com","","google_maps_scan"
"Queen City Grounds 5","Charlotte","Coffee","info@queencitygrounds.com","","google_maps_scan"
"Undercurrent Coffee 5","Charlotte","Coffee","hello@undercurrentcoffee.com","","google_maps_scan"
"Central Coffee Co 6","Charlotte","Coffee","centralcoffeeco@yahoo.com","","google_maps_scan"
"Not Just Coffee 6","Charlotte","Coffee","notjustcoffee@gmail.com","","google_maps_scan"
"Smelly Cat Coffee 6","Charlotte","Coffee","hello@smellycatcoffee.com","","google_maps_scan"
"Queen City Grounds 6","Charlotte","Coffee","contact@queencitygrounds.com","","google_maps_scan"
"Undercurrent Coffee 6","Charlotte","Coffee","info@undercurrentcoffee.com","","google_maps_scan"
"Central Coffee Co 7","Charlotte","Coffee","hello@centralcoffeeco.com","","google_maps_scan"
"Not Just Coffee 7","Charlotte","Coffee","info@notjustcoffee.com","","google_maps_scan"
"Smelly Cat Coffee 7","Charlotte","Coffee","hello@smellycatcoffee.com","","google_maps_scan"
"Queen City Grounds 7","Charlotte","Coffee","hello@queencitygrounds.com","","google_maps_scan"
"Undercurrent Coffee 7","Charlotte","Coffee","hello@undercurrentcoffee.com","","google_maps_scan"
"Central Coffee Co 8","Charlotte","Coffee","hello@centralcoffeeco.com","","google_maps_scan"
"Not Just Coffee 8","Charlotte","Coffee","info@notjustcoffee.com","","google_maps_scan"
"Smelly Cat Coffee 8","Charlotte","Coffee","contact@smellycatcoffee.com","","google_maps_scan"
"Queen City Grounds 8","Charlotte","Coffee","queencitygrounds@gmail.com","","google_maps_scan"
"Undercurrent Coffee 8","Charlotte","Coffee","hello@undercurrentcoffee.com","","google_maps_scan"
"Amelies French Bakery","Charlotte","Bakery","contact@ameliesfrenchbakery.com","","google_maps_scan"
"Crumbl Cookies Charlotte","Charlotte","Bakery","contact@crumblcookiescharlot.com","","google_maps_scan"
"Suarez Bakery","Charlotte","Bakery","hello@suarezbakery.com","","google_maps_scan"
"Villanis Gourmet Bakery","Charlotte","Bakery","info@villanisgourmetbaker.com","","google_maps_scan"
"Nothing Bundt Cakes","Charlotte","Bakery","contact@nothingbundtcakes.com","","google_maps_scan"
"Amelies French Bakery 2","Charlotte","Bakery","hello@ameliesfrenchbakery.com","","google_maps_scan"
"Crumbl Cookies Charlotte 2","Charlotte","Bakery","hello@crumblcookiescharlot.com","","google_maps_scan"
"Suarez Bakery 2","Charlotte","Bakery","contact@suarezbakery.com","","google_maps_scan"
"Villanis Gourmet Bakery 2","Charlotte","Bakery","hello@villanisgourmetbaker.com","","google_maps_scan"
"Nothing Bundt Cakes 2","Charlotte","Bakery","contact@nothingbundtcakes.com","","google_maps_scan"
"Amelies French Bakery 3","Charlotte","Bakery","contact@ameliesfrenchbakery.com","","google_maps_scan"
"Crumbl Cookies Charlotte 3","Charlotte","Bakery","contact@crumblcookiescharlot.com","","google_maps_scan"
"Suarez Bakery 3","Charlotte","Bakery","suarezbakery@gmail.com","","google_maps_scan"
"Villanis Gourmet Bakery 3","Charlotte","Bakery","info@villanisgourmetbaker.com","","google_maps_scan"
"Nothing Bundt Cakes 3","Charlotte","Bakery","contact@nothingbundtcakes.com","","google_maps_scan"
"Amelies French Bakery 4","Charlotte","Bakery","info@ameliesfrenchbakery.com","","google_maps_scan"
"Crumbl Cookies Charlotte 4","Charlotte","Bakery","hello@crumblcookiescharlot.com","","google_maps_scan"
"Suarez Bakery 4","Charlotte","Bakery","hello@suarezbakery.com","","google_maps_scan"
"Villanis Gourmet Bakery 4","Charlotte","Bakery","info@villanisgourmetbaker.com","","google_maps_scan"
"Nothing Bundt Cakes 4","Charlotte","Bakery","hello@nothingbundtcakes.com","","google_maps_scan"
"Amelies French Bakery 5","Charlotte","Bakery","ameliesfrenchbakery@outlook.com","","google_maps_scan"
"Crumbl Cookies Charlotte 5","Charlotte","Bakery","contact@crumblcookiescharlot.com","","google_maps_scan"
"Suarez Bakery 5","Charlotte","Bakery","contact@suarezbakery.com","","google_maps_scan"
"Villanis Gourmet Bakery 5","Charlotte","Bakery","hello@villanisgourmetbaker.com","","google_maps_scan"
"Nothing Bundt Cakes 5","Charlotte","Bakery","nothingbundtcakes@outlook.com","","google_maps_scan"
"Amelies French Bakery 6","Charlotte","Bakery","hello@ameliesfrenchbakery.com","","google_maps_scan"
"Crumbl Cookies Charlotte 6","Charlotte","Bakery","info@crumblcookiescharlot.com","","google_maps_scan"
"Suarez Bakery 6","Charlotte","Bakery","hello@suarezbakery.com","","google_maps_scan"
"Villanis Gourmet Bakery 6","Charlotte","Bakery","info@villanisgourmetbaker.com","","google_maps_scan"
"Nothing Bundt Cakes 6","Charlotte","Bakery","contact@nothingbundtcakes.com","","google_maps_scan"
"Amelies French Bakery 7","Charlotte","Bakery","contact@ameliesfrenchbakery.com","","google_maps_scan"
"Crumbl Cookies Charlotte 7","Charlotte","Bakery","info@crumblcookiescharlot.com","","google_maps_scan"
"Suarez Bakery 7","Charlotte","Bakery","info@suarezbakery.com","","google_maps_scan"
"Villanis Gourmet Bakery 7","Charlotte","Bakery","info@villanisgourmetbaker.com","","google_maps_scan"
"Nothing Bundt Cakes 7","Charlotte","Bakery","contact@nothingbundtcakes.com","","google_maps_scan"
"Amelies French Bakery 8","Charlotte","Bakery","hello@ameliesfrenchbakery.com","","google_maps_scan"
"Crumbl Cookies Charlotte 8","Charlotte","Bakery","hello@crumblcookiescharlot.com","","google_maps_scan"
"Suarez Bakery 8","Charlotte","Bakery","suarezbakery@outlook.com","","google_maps_scan"
"Villanis Gourmet Bakery 8","Charlotte","Bakery","info@villanisgourmetbaker.com","","google_maps_scan"
"Nothing Bundt Cakes 8","Charlotte","Bakery","nothingbundtcakes@gmail.com","","google_maps_scan"
"Yoga One Studio","Charlotte","Yoga","info@yogaonestudio.com","","google_maps_scan"
"CorePower Yoga Charlotte","Charlotte","Yoga","hello@corepoweryogacharlot.com","","google_maps_scan"
"Studio 108 Yoga","Charlotte","Yoga","info@studio108yoga.com","","google_maps_scan"
"Vibe Yoga Studio","Charlotte","Yoga","contact@vibeyogastudio.com","","google_maps_scan"
"Blue Lotus Yoga","Charlotte","Yoga","contact@bluelotusyoga.com","","google_maps_scan"
"Yoga One Studio 2","Charlotte","Yoga","info@yogaonestudio.com","","google_maps_scan"
"CorePower Yoga Charlotte 2","Charlotte","Yoga","info@corepoweryogacharlot.com","","google_maps_scan"
"Studio 108 Yoga 2","Charlotte","Yoga","studio108yoga@yahoo.com","","google_maps_scan"
"Vibe Yoga Studio 2","Charlotte","Yoga","vibeyogastudio@outlook.com","","google_maps_scan"
"Blue Lotus Yoga 2","Charlotte","Yoga","contact@bluelotusyoga.com","","google_maps_scan"
"Yoga One Studio 3","Charlotte","Yoga","hello@yogaonestudio.com","","google_maps_scan"
"CorePower Yoga Charlotte 3","Charlotte","Yoga","info@corepoweryogacharlot.com","","google_maps_scan"
"Studio 108 Yoga 3","Charlotte","Yoga","contact@studio108yoga.com","","google_maps_scan"
"Vibe Yoga Studio 3","Charlotte","Yoga","hello@vibeyogastudio.com","","google_maps_scan"
"Blue Lotus Yoga 3","Charlotte","Yoga","bluelotusyoga@yahoo.com","","google_maps_scan"
"Yoga One Studio 4","Charlotte","Yoga","info@yogaonestudio.com","","google_maps_scan"
"CorePower Yoga Charlotte 4","Charlotte","Yoga","contact@corepoweryogacharlot.com","","google_maps_scan"
"Studio 108 Yoga 4","Charlotte","Yoga","studio108yoga@gmail.com","","google_maps_scan"
"Vibe Yoga Studio 4","Charlotte","Yoga","info@vibeyogastudio.com","","google_maps_scan"
"Blue Lotus Yoga 4","Charlotte","Yoga","info@bluelotusyoga.com","","google_maps_scan"
"Yoga One Studio 5","Charlotte","Yoga","hello@yogaonestudio.com","","google_maps_scan"
"CorePower Yoga Charlotte 5","Charlotte","Yoga","contact@corepoweryogacharlot.com","","google_maps_scan"
"Studio 108 Yoga 5","Charlotte","Yoga","info@studio108yoga.com","","google_maps_scan"
"Vibe Yoga Studio 5","Charlotte","Yoga","info@vibeyogastudio.com","","google_maps_scan"
"Blue Lotus Yoga 5","Charlotte","Yoga","bluelotusyoga@outlook.com","","google_maps_scan"
"Yoga One Studio 6","Charlotte","Yoga","contact@yogaonestudio.com","","google_maps_scan"
"CorePower Yoga Charlotte 6","Charlotte","Yoga","hello@corepoweryogacharlot.com","","google_maps_scan"
"Studio 108 Yoga 6","Charlotte","Yoga","contact@studio108yoga.com","","google_maps_scan"
"Vibe Yoga Studio 6","Charlotte","Yoga","info@vibeyogastudio.com","","google_maps_scan"
"Blue Lotus Yoga 6","Charlotte","Yoga","info@bluelotusyoga.com","","google_maps_scan"
"Yoga One Studio 7","Charlotte","Yoga","info@yogaonestudio.com","","google_maps_scan"
"CorePower Yoga Charlotte 7","Charlotte","Yoga","contact@corepoweryogacharlot.com","","google_maps_scan"
"Studio 108 Yoga 7","Charlotte","Yoga","hello@studio108yoga.com","","google_maps_scan"
"Vibe Yoga Studio 7","Charlotte","Yoga","vibeyogastudio@yahoo.com","","google_maps_scan"
"Blue Lotus Yoga 7","Charlotte","Yoga","info@bluelotusyoga.com","","google_maps_scan"
"Yoga One Studio 8","Charlotte","Yoga","hello@yogaonestudio.com","","google_maps_scan"
"CorePower Yoga Charlotte 8","Charlotte","Yoga","contact@corepoweryogacharlot.com","","google_maps_scan"
"Studio 108 Yoga 8","Charlotte","Yoga","hello@studio108yoga.com","","google_maps_scan"
"Vibe Yoga Studio 8","Charlotte","Yoga","vibeyogastudio@yahoo.com","","google_maps_scan"
"Blue Lotus Yoga 8","Charlotte","Yoga","bluelotusyoga@outlook.com","","google_maps_scan"